8,2020-07-26 23:49:00,10,0.0,0,0,0,0.0,0,0,0,0.0,0.0,0.0,0,0,0.5,1,0,0,8,2020-07-26 23:50:00,10,0.0,0,0,0,0.0,0,0,0,0.0,0.0,0.0,0,0,23.5,5,0,0
8,2020-07-26 23:50:00,10,0.0,0,0,0,0.0,0,0,0,0.0,0.0,0.0,0,0,23.5,5,0,0,8,2020-07-26 23:51:00,10,0.0,0,0,0,0.0,0,0,0,0.0,0.0,0.0,0,0,24.0,5,0,0
8,2020-07-26 23:51:00,10,0.0,0,0,0,0.0,0,0,0,0.0,0.0,0.0,0,0,24.0,5,0,0,8,2020-07-26 23:52:00,10,0.0,0,0,0,0.0,0,0,0,0.0,0.0,0.0,0,0,24.0,5,0,0
8,2020-07-26 23:52:00,10,0.0,0,0,0,0.0,0,0,0,0.0,0.0,0.0,0,0,24.0,5,0,0,8,2020-07-26 23:53:00,10,0.0,0,0,0,0.0,0,0,0,0.0,0.0,0.0,0,0,24.0,5,0,0
8,2020-07-26 23:53:00,10,0.0,0,0,0,0.0,0,0,0,0.0,0.0,0.0,0,0,24.0,5,0,0,8,2020-07-26 23:54:00,10,0.0,0,0,0,0.0,0,0,0,0.0,0.0,0.0,0,0,24.0,5,0,0
8,2020-07-26 23:54:00,10,0.0,0,0,0,0.0,0,0,0,0.0,0.0,0.0,0,0,24.0,5,0,0,8,2020-07-26 23:55:00,10,0.0,0,0,0,0.0,0,0,0,0.0,0.0,0.0,0,0,24.0,5,0,0
8,2020-07-26 23:55:00,10,0.0,0,0,0,0.0,0,0,0,0.0,0.0,0.0,0,0,24.0,5,0,0,8,2020-07-26 23:56:00,10,0.0,0,0,0,0.0,0,0,0,0.0,0.0,0.0,0,0,24.0,5,0,0
8,2020-07-26 23:56:00,10,0.0,0,0,0,0.0,0,0,0,0.0,0.0,0.0,0,0,24.0,5,0,0,8,2020-07-26 23:57:00,10,0.0,0,0,0,0.0,0,0,0,0.0,0.0,0.0,0,0,21.5,5,0,0
8,2020-07-26 23:57:00,10,0.0,0,0,0,0.0,0,0,0,0.0,0.0,0.0,0,0,21.5,5,0,0,8,2020-07-26 23:58:00,10,0.0,0,0,0,0.0,0,0,0,0.0,0.0,0.0,0,0,24.0,5,0,0
8,2020-07-26 23:58:00,10,0.0,0,0,0,0.0,0,0,0,0.0,0.0,0.0,0,0,24.0,5,0,0,8,2020-07-26 23:59:00,10,0.0,0,0,0,0.0,0,0,0,0.0,0.0,0.0,0,0,24.0,5,0,0
8,2020-07-26 23:59:00,10,0.0,0,0,0,0.0,0,0,0,0.0,0.0,0.0,0,0,24.0,5,0,0,8,2020-07-27 00:00:00,10,0.0,0,0,0,0.0,0,0,0,0.0,0.0,0.0,0,0,24.0,5,0,0
8,2020-07-27 00:00:00,10,0.0,0,0,0,0.0,0,0,0,0.0,0.0,0.0,0,0,24.0,5,0,0,8,2020-07-27 00:01:00,10,0.0,0,0,0,0.0,0,0,0,0.0,0.0,0.0,0,0,24.0,5,0,0
8,2020-07-27 00:01:00,10,0.0,0,0,0,0.0,0,0,0,0.0,0.0,0.0,0,0,24.0,5,0,0,8,2020-07-27 00:02:00,10,0.0,0,0,0,0.0,0,0,0,0.0,0.0,0.0,0,0,24.0,5,0,0
8,2020-07-27 00:02:00,10,0.0,0,0,0,0.0,0,0,0,0.0,0.0,0.0,0,0,24.0,5,0,0,8,2020-07-27 00:03:00,10,0.0,0,0,0,0.0,0,0,0,0.0,0.0,0.0,0,0,24.0,5,0,0
8,2020-07-27 00:03:00,10,0.0,0,0,0,0.0,0,0,0,0.0,0.0,0.0,0,0,24.0,5,0,0,8,2020-07-27 00:04:00,10,0.0,0,0,0,0.0,0,0,0,0.0,0.0,0.0,0,0,24.0,5,0,0
8,2020-07-27 00:04:00,10,0.0,0,0,0,0.0,0,0,0,0.0,0.0,0.0,0,0,24.0,5,0,0,8,2020-07-27 00:05:00,10,0.0,0,0,0,0.0,0,0,0,0.0,0.0,0.0,0,0,24.0,5,0,0
8,2020-07-27 00:05:00,10,0.0,0,0,0,0.0,0,0,0,0.0,0.0,0.0,0,0,24.0,5,0,0,8,2020-07-27 00:06:00,10,0.0,0,0,0,0.0,0,0,0,0.0,0.0,0.0,0,0,24.0,5,0,0
8,2020-07-27 00:06:00,10,0.0,0,0,0,0.0,0,0,0,0.0,0.0,0.0,0,0,24.0,5,0,0,8,2020-07-27 00:07:00,10,0.0,0,0,0,0.0,0,0,0,0.0,0.0,0.0,0,0,24.0,5,0,0
8,2020-07-27 00:07:00,10,0.0,0,0,0,0.0,0,0,0,0.0,0.0,0.0,0,0,24.0,5,0,0,8,2020-07-27 00:08:00,10,0.0,0,0,0,0.0,0,0,0,0.0,0.0,0.0,0,0,24.0,5,0,0
8,2020-07-27 00:08:00,10,0.0,0,0,0,0.0,0,0,0,0.0,0.0,0.0,0,0,24.0,5,0,0,8,2020-07-27 00:09:00,10,0.0,0,0,0,0.0,0,0,0,0.0,0.0,0.0,0,0,24.0,5,0,0
8,2020-07-27 00:09:00,10,0.0,0,0,0,0.0,0,0,0,0.0,0.0,0.0,0,0,24.0,5,0,0,8,2020-07-27 00:10:00,10,0.0,0,0,0,0.0,0,0,0,0.0,0.0,0.0,0,0,24.0,5,0,0
8,2020-07-27 00:10:00,10,0.0,0,0,0,0.0,0,0,0,0.0,0.0,0.0,0,0,24.0,5,0,0,8,2020-07-27 00:11:00,10,0.0,0,0,0,0.0,0,0,0,0.0,0.0,0.0,0,0,24.0,5,0,0
8,2020-07-27 00:11:00,10,0.0,0,0,0,0.0,0,0,0,0.0,0.0,0.0,0,0,24.0,5,0,0,8,2020-07-27 00:12:00,10,0.0,0,0,0,0.0,0,0,0,0.0,0.0,0.0,0,0,24.0,5,0,0
8,2020-07-27 00:12:00,10,0.0,0,0,0,0.0,0,0,0,0.0,0.0,0.0,0,0,24.0,5,0,0,8,2020-07-27 00:13:00,10,0.0,0,0,0,0.0,0,0,0,0.0,0.0,0.0,0,0,24.0,5,0,0
8,2020-07-27 00:13:00,10,0.0,0,0,0,0.0,0,0,0,0.0,0.0,0.0,0,0,24.0,5,0,0,8,2020-07-27 00:14:00,10,0.0,0,0,0,0.0,0,0,0,0.0,0.0,0.0,0,0,24.0,5,0,0
8,2020-07-27 00:14:00,10,0.0,0,0,0,0.0,0,0,0,0.0,0.0,0.0,0,0,24.0,5,0,0,8,2020-07-27 00:15:00,10,0.0,0,0,0,0.0,0,0,0,0.0,0.0,0.0,0,0,24.0,5,0,0
8,2020-07-27 00:15:00,10,0.0,0,0,0,0.0,0,0,0,0.0,0.0,0.0,0,0,24.0,5,0,0,8,2020-07-27 00:16:00,10,0.25,0,0,0,0.25,1,0,0,0.15,0.15,0.0,0,0,24.0,5,0,0
8,2020-07-27 00:16:00,10,0.25,0,0,0,0.25,1,0,0,0.15,0.15,0.0,0,0,24.0,5,0,0,8,2020-07-27 00:17:00,10,0.2,0,0,0,0.2,1,0,0,0.2,0.2,0.0,0,0,24.0,5,0,0
8,2020-07-27 00:17:00,10,0.2,0,0,0,0.2,1,0,0,0.2,0.2,0.0,0,0,24.0,5,0,0,8,2020-07-27 00:18:00,10,0.95,0,0,0,0.95,1,0,0,0.6,0.6,0.0,0,0,24.0,5,0,0
8,2020-07-27 00:18:00,10,0.95,0,0,0,0.95,1,0,0,0.6,0.6,0.0,0,0,24.0,5,0,0,8,2020-07-27 00:19:00,10,0.9,0,0,0,0.9,1,0,0,0.75,0.75,0.0,0,0,24.0,5,0,0
8,2020-07-27 00:19:00,10,0.9,0,0,0,0.9,1,0,0,0.75,0.75,0.0,0,0,24.0,5,0,0,8,2020-07-27 00:20:00,10,0.2,0,0,0,0.2,1,0,0,0.2,0.2,0.0,0,0,23.5,5,0,0
8,2020-07-27 00:20:00,10,0.2,0,0,0,0.2,1,0,0,0.2,0.2,0.0,0,0,23.5,5,0,0,8,2020-07-27 00:21:00,10,0.0,0,0,0,0.0,0,0,0,0.0,0.0,0.0,0,0,24.0,5,0,0
8,2020-07-27 00:21:00,10,0.0,0,0,0,0.0,0,0,0,0.0,0.0,0.0,0,0,24.0,5,0,0,8,2020-07-27 00:22:00,10,0.0,0,0,0,0.0,0,0,0,0.0,0.0,0.0,0,0,24.0,5,0,0
8,2020-07-27 00:22:00,10,0.0,0,0,0,0.0,0,0,0,0.0,0.0,0.0,0,0,24.0,5,0,0,8,2020-07-27 00:23:00,10,0.0,0,0,0,0.0,0,0,0,0.0,0.0,0.0,0,0,24.0,5,0,0
8,2020-07-27 00:23:00,10,0.0,0,0,0,0.0,0,0,0,0.0,0.0,0.0,0,0,24.0,5,0,0,8,2020-07-27 00:24:00,10,0.2,0,0,0,0.2,1,0,0,0.2,0.2,0.0,0,0,24.0,5,0,0
8,2020-07-27 00:24:00,10,0.2,0,0,0,0.2,1,0,0,0.2,0.2,0.0,0,0,24.0,5,0,0,8,2020-07-27 00:25:00,10,0.25,0,0,0,0.25,1,0,0,0.15,0.15,0.0,0,0,24.0,5,0,0
8,2020-07-27 00:25:00,10,0.25,0,0,0,0.25,1,0,0,0.15,0.15,0.0,0,0,24.0,5,0,0,8,2020-07-27 00:26:00,10,0.0,0,0,0,0.0,0,0,0,0.0,0.0,0.0,0,0,24.0,5,0,0
8,2020-07-27 00:26:00,10,0.0,0,0,0,0.0,0,0,0,0.0,0.0,0.0,0,0,24.0,5,0,0,8,2020-07-27 00:27:00,10,0.0,0,0,0,0.0,0,0,0,0.0,0.0,0.0,0,0,24.0,5,0,0
8,2020-07-27 00:27:00,10,0.0,0,0,0,0.0,0,0,0,0.0,0.0,0.0,0,0,24.0,5,0,0,8,2020-07-27 00:28:00,10,0.0,0,0,0,0.0,0,0,0,0.0,0.0,0.0,0,0,24.0,5,0,0
8,2020-07-27 00:28:00,10,0.0,0,0,0,0.0,0,0,0,0.0,0.0,0.0,0,0,24.0,5,0,0,8,2020-07-27 00:29:00,10,0.0,0,0,0,0.0,0,0,0,0.0,0.0,0.0,0,0,24.0,5,0,0
8,2020-07-27 00:29:00,10,0.0,0,0,0,0.0,0,0,0,0.0,0.0,0.0,0,0,24.0,5,0,0,8,2020-07-27 00:30:00,10,0.0,0,0,0,0.0,0,0,0,0.0,0.0,0.0,0,0,24.0,5,0,0
8,2020-07-27 00:30:00,10,0.0,0,0,0,0.0,0,0,0,0.0,0.0,0.0,0,0,24.0,5,0,0,8,2020-07-27 00:31:00,10,0.0,0,0,0,0.0,0,0,0,0.0,0.0,0.0,0,0,24.0,5,0,0
8,2020-07-27 00:31:00,10,0.0,0,0,0,0.0,0,0,0,0.0,0.0,0.0,0,0,24.0,5,0,0,8,2020-07-27 00:32:00,10,0.0,0,0,0,0.0,0,0,0,0.0,0.0,0.0,0,0,24.0,5,0,0
8,2020-07-27 00:32:00,10,0.0,0,0,0,0.0,0,0,0,0.0,0.0,0.0,0,0,24.0,5,0,0,8,2020-07-27 00:33:00,10,0.0,0,0,0,0.0,0,0,0,0.0,0.0,0.0,0,0,24.0,5,0,0
8,2020-07-27 00:33:00,10,0.0,0,0,0,0.0,0,0,0,0.0,0.0,0.0,0,0,24.0,5,0,0,8,2020-07-27 00:34:00,10,0.0,0,0,0,0.0,0,0,0,0.0,0.0,0.0,0,0,24.0,5,0,0
8,2020-07-27 00:34:00,10,0.0,0,0,0,0.0,0,0,0,0.0,0.0,0.0,0,0,24.0,5,0,0,8,2020-07-27 00:35:00,10,0.0,0,0,0,0.0,0,0,0,0.0,0.0,0.0,0,0,24.0,5,0,0
8,2020-07-27 00:35:00,10,0.0,0,0,0,0.0,0,0,0,0.0,0.0,0.0,0,0,24.0,5,0,0,8,2020-07-27 00:36:00,10,0.0,0,0,0,0.0,0,0,0,0.0,0.0,0.0,0,0,24.0,5,0,0
8,2020-07-27 00:36:00,10,0.0,0,0,0,0.0,0,0,0,0.0,0.0,0.0,0,0,24.0,5,0,0,8,2020-07-27 00:37:00,10,0.0,0,0,0,0.0,0,0,0,0.0,0.0,0.0,0,0,24.0,5,0,0
8,2020-07-27 00:37:00,10,0.0,0,0,0,0.0,0,0,0,0.0,0.0,0.0,0,0,24.0,5,0,0,8,2020-07-27 00:38:00,10,0.0,0,0,0,0.0,0,0,0,0.0,0.0,0.0,0,0,24.0,5,0,0
8,2020-07-27 00:38:00,10,0.0,0,0,0,0.0,0,0,0,0.0,0.0,0.0,0,0,24.0,5,0,0,8,2020-07-27 00:39:00,10,0.0,0,0,0,0.0,0,0,0,0.0,0.0,0.0,0,0,24.0,5,0,0
8,2020-07-27 00:39:00,10,0.0,0,0,0,0.0,0,0,0,0.0,0.0,0.0,0,0,24.0,5,0,0,8,2020-07-27 00:40:00,10,0.0,0,0,0,0.0,0,0,0,0.0,0.0,0.0,0,0,24.0,5,0,0
8,2020-07-27 00:40:00,10,0.0,0,0,0,0.0,0,0,0,0.0,0.0,0.0,0,0,24.0,5,0,0,8,2020-07-27 00:41:00,10,0.0,0,0,0,0.0,0,0,0,0.0,0.0,0.0,0,0,24.0,5,0,0
8,2020-07-27 00:41:00,10,0.0,0,0,0,0.0,0,0,0,0.0,0.0,0.0,0,0,24.0,5,0,0,8,2020-07-27 00:42:00,10,0.0,0,0,0,0.0,0,0,0,0.0,0.0,0.0,0,0,24.0,5,0,0
8,2020-07-27 00:42:00,10,0.0,0,0,0,0.0,0,0,0,0.0,0.0,0.0,0,0,24.0,5,0,0,8,2020-07-27 00:43:00,10,0.0,0,0,0,0.0,0,0,0,0.0,0.0,0.0,0,0,24.0,5,0,0
8,2020-07-27 00:43:00,10,0.0,0,0,0,0.0,0,0,0,0.0,0.0,0.0,0,0,24.0,5,0,0,8,2020-07-27 00:44:00,10,0.0,0,0,0,0.0,0,0,0,0.0,0.0,0.0,0,0,24.0,5,0,0
8,2020-07-27 00:44:00,10,0.0,0,0,0,0.0,0,0,0,0.0,0.0,0.0,0,0,24.0,5,0,0,8,2020-07-27 00:45:00,10,0.0,0,0,0,0.0,0,0,0,0.0,0.0,0.0,0,0,24.0,5,0,0
8,2020-07-27 00:45:00,10,0.0,0,0,0,0.0,0,0,0,0.0,0.0,0.0,0,0,24.0,5,0,0,8,2020-07-27 00:46:00,10,0.25,0,0,0,0.25,1,0,0,0.15,0.15,0.0,0,0,24.0,5,0,0
8,2020-07-27 00:46:00,10,0.25,0,0,0,0.25,1,0,0,0.15,0.15,0.0,0,0,24.0,5,0,0,8,2020-07-27 00:47:00,10,0.25,0,0,0,0.25,1,0,0,0.15,0.15,0.0,0,0,24.0,5,0,0
8,2020-07-27 00:47:00,10,0.25,0,0,0,0.25,1,0,0,0.15,0.15,0.0,0,0,24.0,5,0,0,8,2020-07-27 00:48:00,10,0.2,0,0,0,0.2,1,0,0,0.2,0.2,0.0,0,0,24.0,5,0,0
8,2020-07-27 00:48:00,10,0.2,0,0,0,0.2,1,0,0,0.2,0.2,0.0,0,0,24.0,5,0,0,8,2020-07-27 00:49:00,10,1.2,0,0,0,1.2,1,0,0,0.65,0.8,0.0,0,0,24.0,5,0,0
8,2020-07-27 00:49:00,10,1.2,0,0,0,1.2,1,0,0,0.65,0.8,0.0,0,0,24.0,5,0,0,8,2020-07-27 00:50:00,10,0.7,0,0,0,0.7,1,0,0,0.5,0.5,0.0,0,0,24.0,5,0,0
8,2020-07-27 00:50:00,10,0.7,0,0,0,0.7,1,0,0,0.5,0.5,0.0,0,0,24.0,5,0,0,8,2020-07-27 00:51:00,10,0.0,0,0,0,0.0,0,0,0,0.0,0.0,0.0,0,0,24.0,5,0,0
8,2020-07-27 00:51:00,10,0.0,0,0,0,0.0,0,0,0,0.0,0.0,0.0,0,0,24.0,5,0,0,8,2020-07-27 00:52:00,10,0.0,0,0,0,0.0,0,0,0,0.0,0.0,0.0,0,0,24.0,5,0,0
8,2020-07-27 00:52:00,10,0.0,0,0,0,0.0,0,0,0,0.0,0.0,0.0,0,0,24.0,5,0,0,8,2020-07-27 00:53:00,10,0.0,0,0,0,0.0,0,0,0,0.0,0.0,0.0,0,0,24.0,5,0,0
8,2020-07-27 00:53:00,10,0.0,0,0,0,0.0,0,0,0,0.0,0.0,0.0,0,0,24.0,5,0,0,8,2020-07-27 00:54:00,10,0.2,0,0,0,0.2,1,0,0,0.2,0.2,0.0,0,0,24.0,5,0,0
8,2020-07-27 00:54:00,10,0.2,0,0,0,0.2,1,0,0,0.2,0.2,0.0,0,0,24.0,5,0,0,8,2020-07-27 00:55:00,10,0.0,0,0,0,0.0,0,0,0,0.0,0.0,0.0,0,0,24.0,5,0,0
8,2020-07-27 00:55:00,10,0.0,0,0,0,0.0,0,0,0,0.0,0.0,0.0,0,0,24.0,5,0,0,8,2020-07-27 00:56:00,10,0.25,0,0,0,0.25,1,0,0,0.15,0.15,0.0,0,0,24.0,5,0,0
8,2020-07-27 00:56:00,10,0.25,0,0,0,0.25,1,0,0,0.15,0.15,0.0,0,0,24.0,5,0,0,8,2020-07-27 00:57:00,10,0.0,0,0,0,0.0,0,0,0,0.0,0.0,0.0,0,0,24.0,5,0,0
8,2020-07-27 00:57:00,10,0.0,0,0,0,0.0,0,0,0,0.0,0.0,0.0,0,0,24.0,5,0,0,8,2020-07-27 00:58:00,10,0.0,0,0,0,0.0,0,0,0,0.0,0.0,0.0,0,0,24.0,5,0,0
8,2020-07-27 00:58:00,10,0.0,0,0,0,0.0,0,0,0,0.0,0.0,0.0,0,0,24.0,5,0,0,8,2020-07-27 00:59:00,10,0.0,0,0,0,0.0,0,0,0,0.0,0.0,0.0,0,0,24.0,5,0,0
8,2020-07-27 00:59:00,10,0.0,0,0,0,0.0,0,0,0,0.0,0.0,0.0,0,0,24.0,5,0,0,8,2020-07-27 01:00:00,10,0.0,0,0,0,0.0,0,0,0,0.0,0.0,0.0,0,0,24.0,5,0,0
8,2020-07-27 01:00:00,10,0.0,0,0,0,0.0,0,0,0,0.0,0.0,0.0,0,0,24.0,5,0,0,8,2020-07-27 01:01:00,10,0.0,0,0,0,0.0,0,0,0,0.0,0.0,0.0,0,0,24.0,5,0,0
8,2020-07-27 01:01:00,10,0.0,0,0,0,0.0,0,0,0,0.0,0.0,0.0,0,0,24.0,5,0,0,8,2020-07-27 01:02:00,10,0.0,0,0,0,0.0,0,0,0,0.0,0.0,0.0,0,0,24.0,5,0,0
8,2020-07-27 01:02:00,10,0.0,0,0,0,0.0,0,0,0,0.0,0.0,0.0,0,0,24.0,5,0,0,8,2020-07-27 01:03:00,10,0.0,0,0,0,0.0,0,0,0,0.0,0.0,0.0,0,0,24.0,5,0,0
8,2020-07-27 01:03:00,10,0.0,0,0,0,0.0,0,0,0,0.0,0.0,0.0,0,0,24.0,5,0,0,8,2020-07-27 01:04:00,10,0.0,0,0,0,0.0,0,0,0,0.0,0.0,0.0,0,0,24.0,5,0,0
8,2020-07-27 01:04:00,10,0.0,0,0,0,0.0,0,0,0,0.0,0.0,0.0,0,0,24.0,5,0,0,8,2020-07-27 01:05:00,10,0.0,0,0,0,0.0,0,0,0,0.0,0.0,0.0,0,0,24.0,5,0,0
8,2020-07-27 01:05:00,10,0.0,0,0,0,0.0,0,0,0,0.0,0.0,0.0,0,0,24.0,5,0,0,8,2020-07-27 01:06:00,10,0.0,0,0,0,0.0,0,0,0,0.0,0.0,0.0,0,0,24.0,5,0,0
8,2020-07-27 01:06:00,10,0.0,0,0,0,0.0,0,0,0,0.0,0.0,0.0,0,0,24.0,5,0,0,8,2020-07-27 01:07:00,10,0.0,0,0,0,0.0,0,0,0,0.0,0.0,0.0,0,0,24.0,5,0,0
8,2020-07-27 01:07:00,10,0.0,0,0,0,0.0,0,0,0,0.0,0.0,0.0,0,0,24.0,5,0,0,8,2020-07-27 01:08:00,10,0.0,0,0,0,0.0,0,0,0,0.0,0.0,0.0,0,0,24.0,5,0,0
8,2020-07-27 01:08:00,10,0.0,0,0,0,0.0,0,0,0,0.0,0.0,0.0,0,0,24.0,5,0,0,8,2020-07-27 01:09:00,10,0.0,0,0,0,0.0,0,0,0,0.0,0.0,0.0,0,0,24.0,5,0,0
8,2020-07-27 01:09:00,10,0.0,0,0,0,0.0,0,0,0,0.0,0.0,0.0,0,0,24.0,5,0,0,8,2020-07-27 01:10:00,10,0.0,0,0,0,0.0,0,0,0,0.0,0.0,0.0,0,0,24.0,5,0,0
8,2020-07-27 01:10:00,10,0.0,0,0,0,0.0,0,0,0,0.0,0.0,0.0,0,0,24.0,5,0,0,8,2020-07-27 01:11:00,10,0.0,0,0,0,0.0,0,0,0,0.0,0.0,0.0,0,0,24.0,5,0,0
8,2020-07-27 01:11:00,10,0.0,0,0,0,0.0,0,0,0,0.0,0.0,0.0,0,0,24.0,5,0,0,8,2020-07-27 01:12:00,10,0.0,0,0,0,0.0,0,0,0,0.0,0.0,0.0,0,0,24.0,5,0,0
8,2020-07-27 01:12:00,10,0.0,0,0,0,0.0,0,0,0,0.0,0.0,0.0,0,0,24.0,5,0,0,8,2020-07-27 01:13:00,10,0.0,0,0,0,0.0,0,0,0,0.0,0.0,0.0,0,0,24.0,5,0,0
8,2020-07-27 01:13:00,10,0.0,0,0,0,0.0,0,0,0,0.0,0.0,0.0,0,0,24.0,5,0,0,8,2020-07-27 01:14:00,10,0.0,0,0,0,0.0,0,0,0,0.0,0.0,0.0,0,0,24.0,5,0,0
8,2020-07-27 01:14:00,10,0.0,0,0,0,0.0,0,0,0,0.0,0.0,0.0,0,0,24.0,5,0,0,8,2020-07-27 01:15:00,10,0.25,0,0,0,0.25,1,0,0,0.15,0.15,0.0,0,0,24.0,5,0,0
8,2020-07-27 01:15:00,10,0.25,0,0,0,0.25,1,0,0,0.15,0.15,0.0,0,0,24.0,5,0,0,8,2020-07-27 01:16:00,10,0.25,0,0,0,0.25,1,0,0,0.15,0.15,0.0,0,0,24.0,5,0,0
8,2020-07-27 01:16:00,10,0.25,0,0,0,0.25,1,0,0,0.15,0.15,0.0,0,0,24.0,5,0,0,8,2020-07-27 01:17:00,10,0.2,0,0,0,0.2,1,0,0,0.2,0.2,0.0,0,0,24.0,5,0,0
8,2020-07-27 01:17:00,10,0.2,0,0,0,0.2,1,0,0,0.2,0.2,0.0,0,0,24.0,5,0,0,8,2020-07-27 01:18:00,10,0.85,0,0,0,0.85,1,0,0,0.65,0.75,0.0,0,0,24.0,5,0,0
8,2020-07-27 01:18:00,10,0.85,0,0,0,0.85,1,0,0,0.65,0.75,0.0,0,0,24.0,5,0,0,8,2020-07-27 01:19:00,10,0.2,0,0,0,0.2,1,0,0,0.2,0.2,0.0,0,0,24.0,5,0,0
8,2020-07-27 01:19:00,10,0.2,0,0,0,0.2,1,0,0,0.2,0.2,0.0,0,0,24.0,5,0,0,8,2020-07-27 01:20:00,10,0.5,0,0,0,0.5,1,0,0,0.3,0.3,0.0,0,0,24.0,5,0,0
8,2020-07-27 01:20:00,10,0.5,0,0,0,0.5,1,0,0,0.3,0.3,0.0,0,0,24.0,5,0,0,8,2020-07-27 01:21:00,10,0.2,0,0,0,0.2,1,0,0,0.2,0.2,0.0,0,0,24.0,5,0,0
8,2020-07-27 01:21:00,10,0.2,0,0,0,0.2,1,0,0,0.2,0.2,0.0,0,0,24.0,5,0,0,8,2020-07-27 01:22:00,10,0.0,0,0,0,0.0,0,0,0,0.0,0.0,0.0,0,0,24.0,5,0,0
8,2020-07-27 01:22:00,10,0.0,0,0,0,0.0,0,0,0,0.0,0.0,0.0,0,0,24.0,5,0,0,8,2020-07-27 01:23:00,10,0.0,0,0,0,0.0,0,0,0,0.0,0.0,0.0,0,0,24.0,5,0,0
8,2020-07-27 01:23:00,10,0.0,0,0,0,0.0,0,0,0,0.0,0.0,0.0,0,0,24.0,5,0,0,8,2020-07-27 01:24:00,10,0.2,0,0,0,0.2,1,0,0,0.2,0.2,0.0,0,0,24.0,5,0,0
8,2020-07-27 01:24:00,10,0.2,0,0,0,0.2,1,0,0,0.2,0.2,0.0,0,0,24.0,5,0,0,8,2020-07-27 01:25:00,10,0.2,0,0,0,0.2,1,0,0,0.2,0.2,0.0,0,0,24.0,5,0,0
8,2020-07-27 01:25:00,10,0.2,0,0,0,0.2,1,0,0,0.2,0.2,0.0,0,0,24.0,5,0,0,8,2020-07-27 01:26:00,10,0.0,0,0,0,0.0,0,0,0,0.0,0.0,0.0,0,0,24.0,5,0,0
8,2020-07-27 01:26:00,10,0.0,0,0,0,0.0,0,0,0,0.0,0.0,0.0,0,0,24.0,5,0,0,8,2020-07-27 01:27:00,10,0.0,0,0,0,0.0,0,0,0,0.0,0.0,0.0,0,0,23.5,5,0,0
8,2020-07-27 01:27:00,10,0.0,0,0,0,0.0,0,0,0,0.0,0.0,0.0,0,0,23.5,5,0,0,8,2020-07-27 01:28:00,10,0.0,0,0,0,0.0,0,0,0,0.0,0.0,0.0,0,0,24.0,5,0,0
8,2020-07-27 01:28:00,10,0.0,0,0,0,0.0,0,0,0,0.0,0.0,0.0,0,0,24.0,5,0,0,8,2020-07-27 01:29:00,10,0.0,0,0,0,0.0,0,0,0,0.0,0.0,0.0,0,0,24.0,5,0,0
8,2020-07-27 01:29:00,10,0.0,0,0,0,0.0,0,0,0,0.0,0.0,0.0,0,0,24.0,5,0,0,8,2020-07-27 01:30:00,10,0.0,0,0,0,0.0,0,0,0,0.0,0.0,0.0,0,0,24.0,5,0,0
8,2020-07-27 01:30:00,10,0.0,0,0,0,0.0,0,0,0,0.0,0.0,0.0,0,0,24.0,5,0,0,8,2020-07-27 01:31:00,10,0.0,0,0,0,0.0,0,0,0,0.0,0.0,0.0,0,0,24.0,5,0,0
8,2020-07-27 01:31:00,10,0.0,0,0,0,0.0,0,0,0,0.0,0.0,0.0,0,0,24.0,5,0,0,8,2020-07-27 01:32:00,10,0.0,0,0,0,0.0,0,0,0,0.0,0.0,0.0,0,0,24.0,5,0,0
8,2020-07-27 01:32:00,10,0.0,0,0,0,0.0,0,0,0,0.0,0.0,0.0,0,0,24.0,5,0,0,8,2020-07-27 01:33:00,10,0.0,0,0,0,0.0,0,0,0,0.0,0.0,0.0,0,0,24.0,5,0,0
8,2020-07-27 01:33:00,10,0.0,0,0,0,0.0,0,0,0,0.0,0.0,0.0,0,0,24.0,5,0,0,8,2020-07-27 01:34:00,10,0.0,0,0,0,0.0,0,0,0,0.0,0.0,0.0,0,0,24.0,5,0,0
8,2020-07-27 01:34:00,10,0.0,0,0,0,0.0,0,0,0,0.0,0.0,0.0,0,0,24.0,5,0,0,8,2020-07-27 01:35:00,10,0.0,0,0,0,0.0,0,0,0,0.0,0.0,0.0,0,0,24.0,5,0,0
8,2020-07-27 01:35:00,10,0.0,0,0,0,0.0,0,0,0,0.0,0.0,0.0,0,0,24.0,5,0,0,8,2020-07-27 01:36:00,10,0.0,0,0,0,0.0,0,0,0,0.0,0.0,0.0,0,0,24.0,5,0,0
8,2020-07-27 01:36:00,10,0.0,0,0,0,0.0,0,0,0,0.0,0.0,0.0,0,0,24.0,5,0,0,8,2020-07-27 01:37:00,10,0.0,0,0,0,0.0,0,0,0,0.0,0.0,0.0,0,0,24.0,5,0,0
8,2020-07-27 01:37:00,10,0.0,0,0,0,0.0,0,0,0,0.0,0.0,0.0,0,0,24.0,5,0,0,8,2020-07-27 01:38:00,10,0.0,0,0,0,0.0,0,0,0,0.0,0.0,0.0,0,0,24.0,5,0,0
8,2020-07-27 01:38:00,10,0.0,0,0,0,0.0,0,0,0,0.0,0.0,0.0,0,0,24.0,5,0,0,8,2020-07-27 01:39:00,10,0.0,0,0,0,0.0,0,0,0,0.0,0.0,0.0,0,0,24.0,5,0,0
8,2020-07-27 01:39:00,10,0.0,0,0,0,0.0,0,0,0,0.0,0.0,0.0,0,0,24.0,5,0,0,8,2020-07-27 01:40:00,10,0.0,0,0,0,0.0,0,0,0,0.0,0.0,0.0,0,0,24.0,5,0,0
8,2020-07-27 01:40:00,10,0.0,0,0,0,0.0,0,0,0,0.0,0.0,0.0,0,0,24.0,5,0,0,8,2020-07-27 01:41:00,10,0.0,0,0,0,0.0,0,0,0,0.0,0.0,0.0,0,0,24.0,5,0,0
8,2020-07-27 01:41:00,10,0.0,0,0,0,0.0,0,0,0,0.0,0.0,0.0,0,0,24.0,5,0,0,8,2020-07-27 01:42:00,10,0.0,0,0,0,0.0,0,0,0,0.0,0.0,0.0,0,0,24.0,5,0,0
8,2020-07-27 01:42:00,10,0.0,0,0,0,0.0,0,0,0,0.0,0.0,0.0,0,0,24.0,5,0,0,8,2020-07-27 01:43:00,10,0.0,0,0,0,0.0,0,0,0,0.0,0.0,0.0,0,0,24.0,5,0,0
8,2020-07-27 01:43:00,10,0.0,0,0,0,0.0,0,0,0,0.0,0.0,0.0,0,0,24.0,5,0,0,8,2020-07-27 01:44:00,10,0.0,0,0,0,0.0,0,0,0,0.0,0.0,0.0,0,0,24.0,5,0,0
8,2020-07-27 01:44:00,10,0.0,0,0,0,0.0,0,0,0,0.0,0.0,0.0,0,0,24.0,5,0,0,8,2020-07-27 01:45:00,10,0.25,0,0,0,0.25,1,0,0,0.15,0.15,0.0,0,0,24.0,5,0,0
8,2020-07-27 01:45:00,10,0.25,0,0,0,0.25,1,0,0,0.15,0.15,0.0,0,0,24.0,5,0,0,8,2020-07-27 01:46:00,10,0.0,0,0,0,0.0,0,0,0,0.0,0.0,0.0,0,0,24.0,5,0,0
8,2020-07-27 01:46:00,10,0.0,0,0,0,0.0,0,0,0,0.0,0.0,0.0,0,0,24.0,5,0,0,8,2020-07-27 01:47:00,10,0.25,0,0,0,0.25,1,0,0,0.15,0.15,0.0,0,0,24.0,5,0,0
8,2020-07-27 01:47:00,10,0.25,0,0,0,0.25,1,0,0,0.15,0.15,0.0,0,0,24.0,5,0,0,8,2020-07-27 01:48:00,10,0.9,0,0,0,0.9,1,0,0,0.7,0.7,0.0,0,0,24.0,5,0,0
8,2020-07-27 01:48:00,10,0.9,0,0,0,0.9,1,0,0,0.7,0.7,0.0,0,0,24.0,5,0,0,8,2020-07-27 01:49:00,10,0.4,0,0,0,0.4,1,0,0,0.4,0.4,0.0,0,0,24.0,5,0,0
8,2020-07-27 01:49:00,10,0.4,0,0,0,0.4,1,0,0,0.4,0.4,0.0,0,0,24.0,5,0,0,8,2020-07-27 01:50:00,10,0.25,0,0,0,0.25,1,0,0,0.15,0.15,0.0,0,0,24.0,5,0,0
8,2020-07-27 01:50:00,10,0.25,0,0,0,0.25,1,0,0,0.15,0.15,0.0,0,0,24.0,5,0,0,8,2020-07-27 01:51:00,10,0.45,0,0,0,0.45,1,0,0,0.35,0.35,0.0,0,0,24.0,5,0,0
8,2020-07-27 01:51:00,10,0.45,0,0,0,0.45,1,0,0,0.35,0.35,0.0,0,0,24.0,5,0,0,8,2020-07-27 01:52:00,10,0.0,0,0,0,0.0,0,0,0,0.0,0.0,0.0,0,0,24.0,5,0,0
8,2020-07-27 01:52:00,10,0.0,0,0,0,0.0,0,0,0,0.0,0.0,0.0,0,0,24.0,5,0,0,8,2020-07-27 01:53:00,10,0.0,0,0,0,0.0,0,0,0,0.0,0.0,0.0,0,0,24.0,5,0,0
8,2020-07-27 01:53:00,10,0.0,0,0,0,0.0,0,0,0,0.0,0.0,0.0,0,0,24.0,5,0,0,8,2020-07-27 01:54:00,10,0.2,0,0,0,0.2,1,0,0,0.2,0.2,0.0,0,0,24.0,5,0,0
8,2020-07-27 01:54:00,10,0.2,0,0,0,0.2,1,0,0,0.2,0.2,0.0,0,0,24.0,5,0,0,8,2020-07-27 01:55:00,10,0.2,0,0,0,0.2,1,0,0,0.2,0.2,0.0,0,0,24.0,5,0,0
8,2020-07-27 01:55:00,10,0.2,0,0,0,0.2,1,0,0,0.2,0.2,0.0,0,0,24.0,5,0,0,8,2020-07-27 01:56:00,10,0.0,0,0,0,0.0,0,0,0,0.0,0.0,0.0,0,0,24.0,5,0,0
8,2020-07-27 01:56:00,10,0.0,0,0,0,0.0,0,0,0,0.0,0.0,0.0,0,0,24.0,5,0,0,8,2020-07-27 01:57:00,10,0.0,0,0,0,0.0,0,0,0,0.0,0.0,0.0,0,0,24.0,5,0,0
8,2020-07-27 01:57:00,10,0.0,0,0,0,0.0,0,0,0,0.0,0.0,0.0,0,0,24.0,5,0,0,8,2020-07-27 01:58:00,10,0.0,0,0,0,0.0,0,0,0,0.0,0.0,0.0,0,0,24.0,5,0,0
8,2020-07-27 01:58:00,10,0.0,0,0,0,0.0,0,0,0,0.0,0.0,0.0,0,0,24.0,5,0,0,8,2020-07-27 01:59:00,10,0.0,0,0,0,0.0,0,0,0,0.0,0.0,0.0,0,0,24.0,5,0,0
8,2020-07-27 01:59:00,10,0.0,0,0,0,0.0,0,0,0,0.0,0.0,0.0,0,0,24.0,5,0,0,8,2020-07-27 02:00:00,10,0.0,0,0,0,0.0,0,0,0,0.0,0.0,0.0,0,0,24.0,5,0,0
8,2020-07-27 02:00:00,10,0.0,0,0,0,0.0,0,0,0,0.0,0.0,0.0,0,0,24.0,5,0,0,8,2020-07-27 02:01:00,10,0.0,0,0,0,0.0,0,0,0,0.0,0.0,0.0,0,0,24.0,5,0,0
8,2020-07-27 02:01:00,10,0.0,0,0,0,0.0,0,0,0,0.0,0.0,0.0,0,0,24.0,5,0,0,8,2020-07-27 02:02:00,10,0.0,0,0,0,0.0,0,0,0,0.0,0.0,0.0,0,0,24.0,5,0,0
8,2020-07-27 02:02:00,10,0.0,0,0,0,0.0,0,0,0,0.0,0.0,0.0,0,0,24.0,5,0,0,8,2020-07-27 02:03:00,10,0.0,0,0,0,0.0,0,0,0,0.0,0.0,0.0,0,0,24.0,5,0,0
8,2020-07-27 02:03:00,10,0.0,0,0,0,0.0,0,0,0,0.0,0.0,0.0,0,0,24.0,5,0,0,8,2020-07-27 02:04:00,10,0.0,0,0,0,0.0,0,0,0,0.0,0.0,0.0,0,0,24.0,5,0,0
8,2020-07-27 02:04:00,10,0.0,0,0,0,0.0,0,0,0,0.0,0.0,0.0,0,0,24.0,5,0,0,8,2020-07-27 02:05:00,10,0.0,0,0,0,0.0,0,0,0,0.0,0.0,0.0,0,0,24.0,5,0,0
8,2020-07-27 02:05:00,10,0.0,0,0,0,0.0,0,0,0,0.0,0.0,0.0,0,0,24.0,5,0,0,8,2020-07-27 02:06:00,10,0.0,0,0,0,0.0,0,0,0,0.0,0.0,0.0,0,0,24.0,5,0,0
8,2020-07-27 02:06:00,10,0.0,0,0,0,0.0,0,0,0,0.0,0.0,0.0,0,0,24.0,5,0,0,8,2020-07-27 02:07:00,10,0.0,0,0,0,0.0,0,0,0,0.0,0.0,0.0,0,0,24.0,5,0,0
8,2020-07-27 02:07:00,10,0.0,0,0,0,0.0,0,0,0,0.0,0.0,0.0,0,0,24.0,5,0,0,8,2020-07-27 02:08:00,10,0.0,0,0,0,0.0,0,0,0,0.0,0.0,0.0,0,0,24.0,5,0,0
8,2020-07-27 02:08:00,10,0.0,0,0,0,0.0,0,0,0,0.0,0.0,0.0,0,0,24.0,5,0,0,8,2020-07-27 02:09:00,10,0.0,0,0,0,0.0,0,0,0,0.0,0.0,0.0,0,0,24.0,5,0,0
8,2020-07-27 02:09:00,10,0.0,0,0,0,0.0,0,0,0,0.0,0.0,0.0,0,0,24.0,5,0,0,8,2020-07-27 02:10:00,10,0.0,0,0,0,0.0,0,0,0,0.0,0.0,0.0,0,0,24.0,5,0,0
8,2020-07-27 02:10:00,10,0.0,0,0,0,0.0,0,0,0,0.0,0.0,0.0,0,0,24.0,5,0,0,8,2020-07-27 02:11:00,10,0.0,0,0,0,0.0,0,0,0,0.0,0.0,0.0,0,0,24.0,5,0,0
8,2020-07-27 02:11:00,10,0.0,0,0,0,0.0,0,0,0,0.0,0.0,0.0,0,0,24.0,5,0,0,8,2020-07-27 02:12:00,10,0.0,0,0,0,0.0,0,0,0,0.0,0.0,0.0,0,0,24.0,5,0,0
8,2020-07-27 02:12:00,10,0.0,0,0,0,0.0,0,0,0,0.0,0.0,0.0,0,0,24.0,5,0,0,8,2020-07-27 02:13:00,10,0.0,0,0,0,0.0,0,0,0,0.0,0.0,0.0,0,0,24.0,5,0,0
8,2020-07-27 02:13:00,10,0.0,0,0,0,0.0,0,0,0,0.0,0.0,0.0,0,0,24.0,5,0,0,8,2020-07-27 02:14:00,10,0.0,0,0,0,0.0,0,0,0,0.0,0.0,0.0,0,0,24.0,5,0,0
8,2020-07-27 02:14:00,10,0.0,0,0,0,0.0,0,0,0,0.0,0.0,0.0,0,0,24.0,5,0,0,8,2020-07-27 02:15:00,10,0.25,0,0,0,0.25,1,0,0,0.15,0.15,0.0,0,0,24.0,5,0,0
8,2020-07-27 02:15:00,10,0.25,0,0,0,0.25,1,0,0,0.15,0.15,0.0,0,0,24.0,5,0,0,8,2020-07-27 02:16:00,10,0.0,0,0,0,0.0,0,0,0,0.0,0.0,0.0,0,0,24.0,5,0,0
8,2020-07-27 02:16:00,10,0.0,0,0,0,0.0,0,0,0,0.0,0.0,0.0,0,0,24.0,5,0,0,8,2020-07-27 02:17:00,10,0.65,0,0,0,0.65,1,0,0,0.55,0.55,0.0,0,0,24.0,5,0,0
8,2020-07-27 02:17:00,10,0.65,0,0,0,0.65,1,0,0,0.55,0.55,0.0,0,0,24.0,5,0,0,8,2020-07-27 02:18:00,10,0.75,0,0,0,0.75,1,0,0,0.45,0.45,0.0,0,0,24.0,5,0,0
8,2020-07-27 02:18:00,10,0.75,0,0,0,0.75,1,0,0,0.45,0.45,0.0,0,0,24.0,5,0,0,8,2020-07-27 02:19:00,10,0.25,0,0,0,0.25,1,0,0,0.15,0.15,0.0,0,0,24.0,5,0,0
8,2020-07-27 02:19:00,10,0.25,0,0,0,0.25,1,0,0,0.15,0.15,0.0,0,0,24.0,5,0,0,8,2020-07-27 02:20:00,10,0.2,0,0,0,0.2,1,0,0,0.2,0.2,0.0,0,0,24.0,5,0,0
8,2020-07-27 02:20:00,10,0.2,0,0,0,0.2,1,0,0,0.2,0.2,0.0,0,0,24.0,5,0,0,8,2020-07-27 02:21:00,10,0.45,0,0,0,0.45,1,0,0,0.35,0.35,0.0,0,0,24.0,5,0,0
8,2020-07-27 02:21:00,10,0.45,0,0,0,0.45,1,0,0,0.35,0.35,0.0,0,0,24.0,5,0,0,8,2020-07-27 02:22:00,10,0.0,0,0,0,0.0,0,0,0,0.0,0.0,0.0,0,0,24.0,5,0,0
8,2020-07-27 02:22:00,10,0.0,0,0,0,0.0,0,0,0,0.0,0.0,0.0,0,0,24.0,5,0,0,8,2020-07-27 02:23:00,10,0.0,0,0,0,0.0,0,0,0,0.0,0.0,0.0,0,0,24.0,5,0,0
8,2020-07-27 02:23:00,10,0.0,0,0,0,0.0,0,0,0,0.0,0.0,0.0,0,0,24.0,5,0,0,8,2020-07-27 02:24:00,10,0.2,0,0,0,0.2,1,0,0,0.2,0.2,0.0,0,0,24.0,5,0,0
8,2020-07-27 02:24:00,10,0.2,0,0,0,0.2,1,0,0,0.2,0.2,0.0,0,0,24.0,5,0,0,8,2020-07-27 02:25:00,10,0.0,0,0,0,0.0,0,0,0,0.0,0.0,0.0,0,0,24.0,5,0,0
8,2020-07-27 02:25:00,10,0.0,0,0,0,0.0,0,0,0,0.0,0.0,0.0,0,0,24.0,5,0,0,8,2020-07-27 02:26:00,10,0.25,0,0,0,0.25,1,0,0,0.15,0.15,0.0,0,0,24.0,5,0,0
8,2020-07-27 02:26:00,10,0.25,0,0,0,0.25,1,0,0,0.15,0.15,0.0,0,0,24.0,5,0,0,8,2020-07-27 02:27:00,10,0.0,0,0,0,0.0,0,0,0,0.0,0.0,0.0,0,0,24.0,5,0,0
8,2020-07-27 02:27:00,10,0.0,0,0,0,0.0,0,0,0,0.0,0.0,0.0,0,0,24.0,5,0,0,8,2020-07-27 02:28:00,10,0.0,0,0,0,0.0,0,0,0,0.0,0.0,0.0,0,0,24.0,5,0,0
8,2020-07-27 02:28:00,10,0.0,0,0,0,0.0,0,0,0,0.0,0.0,0.0,0,0,24.0,5,0,0,8,2020-07-27 02:29:00,10,0.0,0,0,0,0.0,0,0,0,0.0,0.0,0.0,0,0,24.0,5,0,0
8,2020-07-27 02:29:00,10,0.0,0,0,0,0.0,0,0,0,0.0,0.0,0.0,0,0,24.0,5,0,0,8,2020-07-27 02:30:00,10,0.0,0,0,0,0.0,0,0,0,0.0,0.0,0.0,0,0,24.0,5,0,0
8,2020-07-27 02:30:00,10,0.0,0,0,0,0.0,0,0,0,0.0,0.0,0.0,0,0,24.0,5,0,0,8,2020-07-27 02:31:00,10,0.0,0,0,0,0.0,0,0,0,0.0,0.0,0.0,0,0,24.0,5,0,0
8,2020-07-27 02:31:00,10,0.0,0,0,0,0.0,0,0,0,0.0,0.0,0.0,0,0,24.0,5,0,0,8,2020-07-27 02:32:00,10,0.0,0,0,0,0.0,0,0,0,0.0,0.0,0.0,0,0,24.0,5,0,0
8,2020-07-27 02:32:00,10,0.0,0,0,0,0.0,0,0,0,0.0,0.0,0.0,0,0,24.0,5,0,0,8,2020-07-27 02:33:00,10,0.0,0,0,0,0.0,0,0,0,0.0,0.0,0.0,0,0,24.0,5,0,0
8,2020-07-27 02:33:00,10,0.0,0,0,0,0.0,0,0,0,0.0,0.0,0.0,0,0,24.0,5,0,0,8,2020-07-27 02:34:00,10,0.0,0,0,0,0.0,0,0,0,0.0,0.0,0.0,0,0,24.0,5,0,0
8,2020-07-27 02:34:00,10,0.0,0,0,0,0.0,0,0,0,0.0,0.0,0.0,0,0,24.0,5,0,0,8,2020-07-27 02:35:00,10,0.0,0,0,0,0.0,0,0,0,0.0,0.0,0.0,0,0,24.0,5,0,0
8,2020-07-27 02:35:00,10,0.0,0,0,0,0.0,0,0,0,0.0,0.0,0.0,0,0,24.0,5,0,0,8,2020-07-27 02:36:00,10,0.0,0,0,0,0.0,0,0,0,0.0,0.0,0.0,0,0,23.5,5,0,0
8,2020-07-27 02:36:00,10,0.0,0,0,0,0.0,0,0,0,0.0,0.0,0.0,0,0,23.5,5,0,0,8,2020-07-27 02:37:00,10,0.0,0,0,0,0.0,0,0,0,0.0,0.0,0.0,0,0,24.0,5,0,0
8,2020-07-27 02:37:00,10,0.0,0,0,0,0.0,0,0,0,0.0,0.0,0.0,0,0,24.0,5,0,0,8,2020-07-27 02:38:00,10,0.0,0,0,0,0.0,0,0,0,0.0,0.0,0.0,0,0,24.0,5,0,0
8,2020-07-27 02:38:00,10,0.0,0,0,0,0.0,0,0,0,0.0,0.0,0.0,0,0,24.0,5,0,0,8,2020-07-27 02:39:00,10,0.0,0,0,0,0.0,0,0,0,0.0,0.0,0.0,0,0,24.0,5,0,0
8,2020-07-27 02:39:00,10,0.0,0,0,0,0.0,0,0,0,0.0,0.0,0.0,0,0,24.0,5,0,0,8,2020-07-27 02:40:00,10,0.0,0,0,0,0.0,0,0,0,0.0,0.0,0.0,0,0,24.0,5,0,0
8,2020-07-27 02:40:00,10,0.0,0,0,0,0.0,0,0,0,0.0,0.0,0.0,0,0,24.0,5,0,0,8,2020-07-27 02:41:00,10,0.0,0,0,0,0.0,0,0,0,0.0,0.0,0.0,0,0,24.0,5,0,0
8,2020-07-27 02:41:00,10,0.0,0,0,0,0.0,0,0,0,0.0,0.0,0.0,0,0,24.0,5,0,0,8,2020-07-27 02:42:00,10,0.0,0,0,0,0.0,0,0,0,0.0,0.0,0.0,0,0,24.0,5,0,0
8,2020-07-27 02:42:00,10,0.0,0,0,0,0.0,0,0,0,0.0,0.0,0.0,0,0,24.0,5,0,0,8,2020-07-27 02:43:00,10,0.0,0,0,0,0.0,0,0,0,0.0,0.0,0.0,0,0,24.0,5,0,0
8,2020-07-27 02:43:00,10,0.0,0,0,0,0.0,0,0,0,0.0,0.0,0.0,0,0,24.0,5,0,0,8,2020-07-27 02:44:00,10,0.0,0,0,0,0.0,0,0,0,0.0,0.0,0.0,0,0,24.0,5,0,0
8,2020-07-27 02:44:00,10,0.0,0,0,0,0.0,0,0,0,0.0,0.0,0.0,0,0,24.0,5,0,0,8,2020-07-27 02:45:00,10,0.25,0,0,0,0.25,1,0,0,0.15,0.15,0.0,0,0,24.0,5,0,0
8,2020-07-27 02:45:00,10,0.25,0,0,0,0.25,1,0,0,0.15,0.15,0.0,0,0,24.0,5,0,0,8,2020-07-27 02:46:00,10,0.0,0,0,0,0.0,0,0,0,0.0,0.0,0.0,0,0,24.0,5,0,0
8,2020-07-27 02:46:00,10,0.0,0,0,0,0.0,0,0,0,0.0,0.0,0.0,0,0,24.0,5,0,0,8,2020-07-27 02:47:00,10,0.45,0,0,0,0.45,1,0,0,0.35,0.35,0.0,0,0,24.0,5,0,0
8,2020-07-27 02:47:00,10,0.45,0,0,0,0.45,1,0,0,0.35,0.35,0.0,0,0,24.0,5,0,0,8,2020-07-27 02:48:00,10,0.5,0,0,0,0.5,1,0,0,0.3,0.3,0.0,0,0,24.0,5,0,0
8,2020-07-27 02:48:00,10,0.5,0,0,0,0.5,1,0,0,0.3,0.3,0.0,0,0,24.0,5,0,0,8,2020-07-27 02:49:00,10,0.7,0,0,0,0.7,1,0,0,0.5,0.5,0.0,0,0,24.0,5,0,0
8,2020-07-27 02:49:00,10,0.7,0,0,0,0.7,1,0,0,0.5,0.5,0.0,0,0,24.0,5,0,0,8,2020-07-27 02:50:00,10,0.25,0,0,0,0.25,1,0,0,0.15,0.15,0.0,0,0,24.0,5,0,0
8,2020-07-27 02:50:00,10,0.25,0,0,0,0.25,1,0,0,0.15,0.15,0.0,0,0,24.0,5,0,0,8,2020-07-27 02:51:00,10,0.2,0,0,0,0.2,1,0,0,0.2,0.2,0.0,0,0,24.0,5,0,0
8,2020-07-27 02:51:00,10,0.2,0,0,0,0.2,1,0,0,0.2,0.2,0.0,0,0,24.0,5,0,0,8,2020-07-27 02:52:00,10,0.2,0,0,0,0.2,1,0,0,0.2,0.2,0.0,0,0,24.0,5,0,0
8,2020-07-27 02:52:00,10,0.2,0,0,0,0.2,1,0,0,0.2,0.2,0.0,0,0,24.0,5,0,0,8,2020-07-27 02:53:00,10,0.0,0,0,0,0.0,0,0,0,0.0,0.0,0.0,0,0,24.0,5,0,0
8,2020-07-27 02:53:00,10,0.0,0,0,0,0.0,0,0,0,0.0,0.0,0.0,0,0,24.0,5,0,0,8,2020-07-27 02:54:00,10,0.2,0,0,0,0.2,1,0,0,0.2,0.2,0.0,0,0,24.0,5,0,0
8,2020-07-27 02:54:00,10,0.2,0,0,0,0.2,1,0,0,0.2,0.2,0.0,0,0,24.0,5,0,0,8,2020-07-27 02:55:00,10,0.0,0,0,0,0.0,0,0,0,0.0,0.0,0.0,0,0,24.0,5,0,0
8,2020-07-27 02:55:00,10,0.0,0,0,0,0.0,0,0,0,0.0,0.0,0.0,0,0,24.0,5,0,0,8,2020-07-27 02:56:00,10,0.2,0,0,0,0.2,1,0,0,0.2,0.2,0.0,0,0,24.0,5,0,0
8,2020-07-27 02:56:00,10,0.2,0,0,0,0.2,1,0,0,0.2,0.2,0.0,0,0,24.0,5,0,0,8,2020-07-27 02:57:00,10,0.0,0,0,0,0.0,0,0,0,0.0,0.0,0.0,0,0,24.0,5,0,0
8,2020-07-27 02:57:00,10,0.0,0,0,0,0.0,0,0,0,0.0,0.0,0.0,0,0,24.0,5,0,0,8,2020-07-27 02:58:00,10,0.0,0,0,0,0.0,0,0,0,0.0,0.0,0.0,0,0,24.0,5,0,0
8,2020-07-27 02:58:00,10,0.0,0,0,0,0.0,0,0,0,0.0,0.0,0.0,0,0,24.0,5,0,0,8,2020-07-27 02:59:00,10,0.0,0,0,0,0.0,0,0,0,0.0,0.0,0.0,0,0,24.0,5,0,0
8,2020-07-27 02:59:00,10,0.0,0,0,0,0.0,0,0,0,0.0,0.0,0.0,0,0,24.0,5,0,0,8,2020-07-27 03:00:00,10,0.0,0,0,0,0.0,0,0,0,0.0,0.0,0.0,0,0,24.0,5,0,0
8,2020-07-27 03:00:00,10,0.0,0,0,0,0.0,0,0,0,0.0,0.0,0.0,0,0,24.0,5,0,0,8,2020-07-27 03:01:00,10,0.0,0,0,0,0.0,0,0,0,0.0,0.0,0.0,0,0,24.0,5,0,0
8,2020-07-27 03:01:00,10,0.0,0,0,0,0.0,0,0,0,0.0,0.0,0.0,0,0,24.0,5,0,0,8,2020-07-27 03:02:00,10,0.0,0,0,0,0.0,0,0,0,0.0,0.0,0.0,0,0,24.0,5,0,0
8,2020-07-27 03:02:00,10,0.0,0,0,0,0.0,0,0,0,0.0,0.0,0.0,0,0,24.0,5,0,0,8,2020-07-27 03:03:00,10,0.0,0,0,0,0.0,0,0,0,0.0,0.0,0.0,0,0,24.0,5,0,0
8,2020-07-27 03:03:00,10,0.0,0,0,0,0.0,0,0,0,0.0,0.0,0.0,0,0,24.0,5,0,0,8,2020-07-27 03:04:00,10,0.0,0,0,0,0.0,0,0,0,0.0,0.0,0.0,0,0,24.0,5,0,0
8,2020-07-27 03:04:00,10,0.0,0,0,0,0.0,0,0,0,0.0,0.0,0.0,0,0,24.0,5,0,0,8,2020-07-27 03:05:00,10,0.0,0,0,0,0.0,0,0,0,0.0,0.0,0.0,0,0,24.0,5,0,0
8,2020-07-27 03:05:00,10,0.0,0,0,0,0.0,0,0,0,0.0,0.0,0.0,0,0,24.0,5,0,0,8,2020-07-27 03:06:00,10,0.0,0,0,0,0.0,0,0,0,0.0,0.0,0.0,0,0,24.0,5,0,0
8,2020-07-27 03:06:00,10,0.0,0,0,0,0.0,0,0,0,0.0,0.0,0.0,0,0,24.0,5,0,0,8,2020-07-27 03:07:00,10,0.0,0,0,0,0.0,0,0,0,0.0,0.0,0.0,0,0,24.0,5,0,0
8,2020-07-27 03:07:00,10,0.0,0,0,0,0.0,0,0,0,0.0,0.0,0.0,0,0,24.0,5,0,0,8,2020-07-27 03:08:00,10,0.0,0,0,0,0.0,0,0,0,0.0,0.0,0.0,0,0,24.0,5,0,0
8,2020-07-27 03:08:00,10,0.0,0,0,0,0.0,0,0,0,0.0,0.0,0.0,0,0,24.0,5,0,0,8,2020-07-27 03:09:00,10,7.85,339.060864,0,0,12.5,63,63,0,7.5,7.5,0.0,0,0,24.0,5,0,0
8,2020-07-27 03:09:00,10,7.85,339.060864,0,0,12.5,63,63,0,7.5,7.5,0.0,0,0,24.0,5,0,0,8,2020-07-27 03:10:00,10,13.95,1007.9132375618863,0,0,22.2,110,109,0,13.6,13.6,0.0,0,0,24.0,5,0,0
8,2020-07-27 03:10:00,10,13.95,1007.9132375618863,0,0,22.2,110,109,0,13.6,13.6,0.0,0,0,24.0,5,0,0,8,2020-07-27 03:11:00,10,14.1,1041.694735802469,0,0,22.5,112,111,0,13.65,13.65,0.0,0,0,24.0,5,0,0
8,2020-07-27 03:11:00,10,14.1,1041.694735802469,0,0,22.5,112,111,0,13.65,13.65,0.0,0,0,24.0,5,0,0,8,2020-07-27 03:12:00,10,13.85,1008.5980016789173,0,0,22.1,110,109,0,13.65,13.65,0.0,0,0,24.0,5,0,0
8,2020-07-27 03:12:00,10,13.85,1008.5980016789173,0,0,22.1,110,109,0,13.65,13.65,0.0,0,0,24.0,5,0,0,8,2020-07-27 03:13:00,10,13.55,971.4145576540491,0,0,21.65,108,107,0,13.7,13.7,0.0,0,0,24.0,5,0,0
8,2020-07-27 03:13:00,10,13.55,971.4145576540491,0,0,21.65,108,107,0,13.7,13.7,0.0,0,0,24.0,5,0,0,8,2020-07-27 03:14:00,10,14.0,1045.25,0,0,22.4,112,111,0,13.8,13.8,0.0,0,0,24.0,5,0,0
8,2020-07-27 03:14:00,10,14.0,1045.25,0,0,22.4,112,111,0,13.8,13.8,0.0,0,0,24.0,5,0,0,8,2020-07-27 03:15:00,10,13.8,1008.2086167800453,0,0,22.05,110,109,0,13.85,13.85,0.0,0,0,24.0,5,0,0
8,2020-07-27 03:15:00,10,13.8,1008.2086167800453,0,0,22.05,110,109,0,13.85,13.85,0.0,0,0,24.0,5,0,0,8,2020-07-27 03:16:00,10,14.35,1049.1948444444445,0,0,22.75,112,111,0,14.0,14.1,0.0,0,0,24.0,5,0,0
8,2020-07-27 03:16:00,10,14.35,1049.1948444444445,0,0,22.75,112,111,0,14.0,14.1,0.0,0,0,24.0,5,0,0,8,2020-07-27 03:17:00,10,14.05,972.2128734948715,0,0,22.15,108,107,0,13.4,13.5,0.0,0,0,24.0,5,0,0
8,2020-07-27 03:17:00,10,14.05,972.2128734948715,0,0,22.15,108,107,0,13.4,13.5,0.0,0,0,24.0,5,0,0,8,2020-07-27 03:18:00,10,14.75,1045.25,0,0,23.15,112,111,0,14.25,14.45,0.0,0,0,24.0,5,0,0
8,2020-07-27 03:18:00,10,14.75,1045.25,0,0,23.15,112,111,0,14.25,14.45,0.0,0,0,24.0,5,0,0,8,2020-07-27 03:19:00,10,14.0,1008.25,0,0,22.25,110,109,0,13.9,14.0,0.0,0,0,24.0,5,0,0
8,2020-07-27 03:19:00,10,14.0,1008.25,0,0,22.25,110,109,0,13.9,14.0,0.0,0,0,24.0,5,0,0,8,2020-07-27 03:20:00,10,14.25,1010.443899404055,0,0,22.5,110,109,0,13.85,14.1,0.0,0,0,24.0,5,0,0
8,2020-07-27 03:20:00,10,14.25,1010.443899404055,0,0,22.5,110,109,0,13.85,14.1,0.0,0,0,24.0,5,0,0,8,2020-07-27 03:21:00,10,13.8,1005.964284428813,0,0,22.05,110,109,0,13.5,13.5,0.0,0,0,24.0,5,0,0
8,2020-07-27 03:21:00,10,13.8,1005.964284428813,0,0,22.05,110,109,0,13.5,13.5,0.0,0,0,24.0,5,0,0,8,2020-07-27 03:22:00,10,13.9,1004.5508919790674,0,0,22.15,110,109,0,13.55,13.55,0.0,0,0,24.0,5,0,0
8,2020-07-27 03:22:00,10,13.9,1004.5508919790674,0,0,22.15,110,109,0,13.55,13.55,0.0,0,0,24.0,5,0,0,8,2020-07-27 03:23:00,10,14.4,1042.0269320209832,0,0,22.8,112,111,0,13.8,13.95,0.0,0,0,24.0,5,0,0
8,2020-07-27 03:23:00,10,14.4,1042.0269320209832,0,0,22.8,112,111,0,13.8,13.95,0.0,0,0,24.0,5,0,0,8,2020-07-27 03:24:00,10,14.0,1045.25,0,0,22.4,112,111,0,14.0,14.0,0.0,0,0,24.0,5,0,0
8,2020-07-27 03:24:00,10,14.0,1045.25,0,0,22.4,112,111,0,14.0,14.0,0.0,0,0,24.0,5,0,0,8,2020-07-27 03:25:00,10,14.3,1008.0068280602703,0,0,22.55,110,109,0,13.75,14.05,0.0,0,0,24.0,5,0,0
8,2020-07-27 03:25:00,10,14.3,1008.0068280602703,0,0,22.55,110,109,0,13.75,14.05,0.0,0,0,24.0,5,0,0,8,2020-07-27 03:26:00,10,13.65,976.9103236887303,0,0,21.75,108,107,0,13.4,13.4,0.0,0,0,24.0,5,0,0
8,2020-07-27 03:26:00,10,13.65,976.9103236887303,0,0,21.75,108,107,0,13.4,13.4,0.0,0,0,24.0,5,0,0,8,2020-07-27 03:27:00,10,13.8,1005.9688092924245,0,0,22.05,110,109,0,13.85,13.85,0.0,0,0,24.0,5,0,0
8,2020-07-27 03:27:00,10,13.8,1005.9688092924245,0,0,22.05,110,109,0,13.85,13.85,0.0,0,0,24.0,5,0,0,8,2020-07-27 03:28:00,10,13.95,1007.7212685658632,0,0,22.2,110,109,0,13.55,13.55,0.0,0,0,24.0,5,0,0
8,2020-07-27 03:28:00,10,13.95,1007.7212685658632,0,0,22.2,110,109,0,13.55,13.55,0.0,0,0,24.0,5,0,0,8,2020-07-27 03:29:00,10,14.05,1049.28257300311,0,0,22.45,112,111,0,13.8,13.8,0.0,0,0,24.0,5,0,0
8,2020-07-27 03:29:00,10,14.05,1049.28257300311,0,0,22.45,112,111,0,13.8,13.8,0.0,0,0,24.0,5,0,0,8,2020-07-27 03:30:00,10,13.85,1011.6195614340411,0,0,22.1,110,109,0,13.5,13.5,0.0,0,0,24.0,5,0,0
8,2020-07-27 03:30:00,10,13.85,1011.6195614340411,0,0,22.1,110,109,0,13.5,13.5,0.0,0,0,24.0,5,0,0,8,2020-07-27 03:31:00,10,13.75,1009.2281365038305,0,0,21.85,109,109,0,13.45,13.45,0.0,0,0,24.0,5,0,0
8,2020-07-27 03:31:00,10,13.75,1009.2281365038305,0,0,21.85,109,109,0,13.45,13.45,0.0,0,0,24.0,5,0,0,8,2020-07-27 03:32:00,10,14.25,1042.5401614938917,0,0,22.65,112,111,0,13.5,13.5,0.0,0,0,24.0,5,0,0
8,2020-07-27 03:32:00,10,14.25,1042.5401614938917,0,0,22.65,112,111,0,13.5,13.5,0.0,0,0,24.0,5,0,0,8,2020-07-27 03:33:00,10,13.75,1008.25,0,0,22.0,110,109,0,13.75,13.75,0.0,0,0,24.0,5,0,0
8,2020-07-27 03:33:00,10,13.75,1008.25,0,0,22.0,110,109,0,13.75,13.75,0.0,0,0,24.0,5,0,0,8,2020-07-27 03:34:00,10,13.65,1012.4352279032897,0,0,21.75,109,109,0,13.3,13.3,0.0,0,0,24.0,5,0,0
8,2020-07-27 03:34:00,10,13.65,1012.4352279032897,0,0,21.75,109,109,0,13.3,13.3,0.0,0,0,24.0,5,0,0,8,2020-07-27 03:35:00,10,13.95,1012.6932675919162,0,0,22.2,110,109,0,13.7,13.7,0.0,0,0,24.0,5,0,0
8,2020-07-27 03:35:00,10,13.95,1012.6932675919162,0,0,22.2,110,109,0,13.7,13.7,0.0,0,0,24.0,5,0,0,8,2020-07-27 03:36:00,10,14.1,1043.3921777777778,0,0,22.5,112,111,0,13.75,13.75,0.0,0,0,24.0,5,0,0
8,2020-07-27 03:36:00,10,14.1,1043.3921777777778,0,0,22.5,112,111,0,13.75,13.75,0.0,0,0,24.0,5,0,0,8,2020-07-27 03:37:00,10,13.85,1052.0793390798715,0,0,22.1,111,111,0,13.65,13.65,0.0,0,0,24.0,5,0,0
8,2020-07-27 03:37:00,10,13.85,1052.0793390798715,0,0,22.1,111,111,0,13.65,13.65,0.0,0,0,24.0,5,0,0,8,2020-07-27 03:38:00,10,13.6,974.1483573658392,0,0,21.7,108,107,0,13.6,13.6,0.0,0,0,24.0,5,0,0
8,2020-07-27 03:38:00,10,13.6,974.1483573658392,0,0,21.7,108,107,0,13.6,13.6,0.0,0,0,24.0,5,0,0,8,2020-07-27 03:39:00,10,13.8,1007.4348651025035,0,0,22.05,110,109,0,13.65,13.65,0.0,0,0,24.0,5,0,0
8,2020-07-27 03:39:00,10,13.8,1007.4348651025035,0,0,22.05,110,109,0,13.65,13.65,0.0,0,0,24.0,5,0,0,8,2020-07-27 03:40:00,10,13.9,1010.9191690148739,0,0,22.15,110,109,0,13.65,13.65,0.0,0,0,24.0,5,0,0
8,2020-07-27 03:40:00,10,13.9,1010.9191690148739,0,0,22.15,110,109,0,13.65,13.65,0.0,0,0,24.0,5,0,0,8,2020-07-27 03:41:00,10,13.85,1064.1744026535084,0,0,22.1,111,111,0,13.4,13.4,0.0,0,0,24.0,5,0,0
8,2020-07-27 03:41:00,10,13.85,1064.1744026535084,0,0,22.1,111,111,0,13.4,13.4,0.0,0,0,24.0,5,0,0,8,2020-07-27 03:42:00,10,13.4,1033.40697310905,0,0,21.35,108,109,0,13.45,13.45,0.0,0,0,24.0,5,0,0
8,2020-07-27 03:42:00,10,13.4,1033.40697310905,0,0,21.35,108,109,0,13.45,13.45,0.0,0,0,24.0,5,0,0,8,2020-07-27 03:43:00,10,13.85,1005.036465264839,0,0,22.1,110,109,0,13.65,13.65,0.0,0,0,24.0,5,0,0
8,2020-07-27 03:43:00,10,13.85,1005.036465264839,0,0,22.1,110,109,0,13.65,13.65,0.0,0,0,24.0,5,0,0,8,2020-07-27 03:44:00,10,13.75,1008.25,0,0,22.0,110,109,0,13.7,13.7,0.0,0,0,24.0,5,0,0
8,2020-07-27 03:44:00,10,13.75,1008.25,0,0,22.0,110,109,0,13.7,13.7,0.0,0,0,24.0,5,0,0,8,2020-07-27 03:45:00,10,14.05,1043.6826007807501,0,0,22.45,112,111,0,13.8,13.8,0.0,0,0,24.0,5,0,0
8,2020-07-27 03:45:00,10,14.05,1043.6826007807501,0,0,22.45,112,111,0,13.8,13.8,0.0,0,0,24.0,5,0,0,8,2020-07-27 03:46:00,10,14.2,1007.3217435122197,0,0,22.45,110,109,0,13.95,14.25,0.0,0,0,24.0,5,0,0
8,2020-07-27 03:46:00,10,14.2,1007.3217435122197,0,0,22.45,110,109,0,13.95,14.25,0.0,0,0,24.0,5,0,0,8,2020-07-27 03:47:00,10,14.25,1045.25,0,0,22.65,112,111,0,13.95,14.05,0.0,0,0,24.0,5,0,0
8,2020-07-27 03:47:00,10,14.25,1045.25,0,0,22.65,112,111,0,13.95,14.05,0.0,0,0,24.0,5,0,0,8,2020-07-27 03:48:00,10,14.2,1006.5759069880692,0,0,22.45,110,109,0,13.7,13.8,0.0,0,0,24.0,5,0,0
8,2020-07-27 03:48:00,10,14.2,1006.5759069880692,0,0,22.45,110,109,0,13.7,13.8,0.0,0,0,24.0,5,0,0,8,2020-07-27 03:49:00,10,14.5,1046.9359179765972,0,0,22.9,112,111,0,14.05,14.3,0.0,0,0,24.0,5,0,0
8,2020-07-27 03:49:00,10,14.5,1046.9359179765972,0,0,22.9,112,111,0,14.05,14.3,0.0,0,0,24.0,5,0,0,8,2020-07-27 03:50:00,10,14.85,1038.6922778157432,0,0,23.25,112,111,0,13.9,14.2,0.0,0,0,24.0,5,0,0
8,2020-07-27 03:50:00,10,14.85,1038.6922778157432,0,0,23.25,112,111,0,13.9,14.2,0.0,0,0,24.0,5,0,0,8,2020-07-27 03:51:00,10,13.75,1008.25,0,0,22.0,110,109,0,13.7,13.7,0.0,0,0,24.0,5,0,0
8,2020-07-27 03:51:00,10,13.75,1008.25,0,0,22.0,110,109,0,13.7,13.7,0.0,0,0,24.0,5,0,0,8,2020-07-27 03:52:00,10,13.8,1012.1995464852608,0,0,22.05,110,109,0,13.9,13.9,0.0,0,0,24.0,5,0,0
8,2020-07-27 03:52:00,10,13.8,1012.1995464852608,0,0,22.05,110,109,0,13.9,13.9,0.0,0,0,24.0,5,0,0,8,2020-07-27 03:53:00,10,14.2,1045.25,0,0,22.6,112,111,0,14.0,14.2,0.0,0,0,24.0,5,0,0
8,2020-07-27 03:53:00,10,14.2,1045.25,0,0,22.6,112,111,0,14.0,14.2,0.0,0,0,24.0,5,0,0,8,2020-07-27 03:54:00,10,14.35,1044.216537775134,0,0,22.75,112,111,0,13.65,13.8,0.0,0,0,24.0,5,0,0
8,2020-07-27 03:54:00,10,14.35,1044.216537775134,0,0,22.75,112,111,0,13.65,13.8,0.0,0,0,24.0,5,0,0,8,2020-07-27 03:55:00,10,14.1,1008.7473843696894,0,0,22.35,110,109,0,13.7,13.8,0.0,0,0,24.0,5,0,0
8,2020-07-27 03:55:00,10,14.1,1008.7473843696894,0,0,22.35,110,109,0,13.7,13.8,0.0,0,0,24.0,5,0,0,8,2020-07-27 03:56:00,10,13.6,1013.7109728386672,0,0,21.7,109,109,0,13.6,13.6,0.0,0,0,24.0,5,0,0
8,2020-07-27 03:56:00,10,13.6,1013.7109728386672,0,0,21.7,109,109,0,13.6,13.6,0.0,0,0,24.0,5,0,0,8,2020-07-27 03:57:00,10,13.85,1011.7338916074609,0,0,22.1,110,109,0,13.7,13.7,0.0,0,0,24.0,5,0,0
8,2020-07-27 03:57:00,10,13.85,1011.7338916074609,0,0,22.1,110,109,0,13.7,13.7,0.0,0,0,24.0,5,0,0,8,2020-07-27 03:58:00,10,13.85,1008.7400135132368,0,0,22.1,110,109,0,13.4,13.4,0.0,0,0,24.0,5,0,0
8,2020-07-27 03:58:00,10,13.85,1008.7400135132368,0,0,22.1,110,109,0,13.4,13.4,0.0,0,0,24.0,5,0,0,8,2020-07-27 03:59:00,10,14.0,1045.25,0,0,22.4,112,111,0,13.9,13.9,0.0,0,0,24.0,5,0,0
8,2020-07-27 03:59:00,10,14.0,1045.25,0,0,22.4,112,111,0,13.9,13.9,0.0,0,0,24.0,5,0,0,8,2020-07-27 04:00:00,10,13.95,1009.7228918107297,0,0,22.2,110,109,0,13.7,13.7,0.0,0,0,24.0,5,0,0
8,2020-07-27 04:00:00,10,13.95,1009.7228918107297,0,0,22.2,110,109,0,13.7,13.7,0.0,0,0,24.0,5,0,0,8,2020-07-27 04:01:00,10,14.1,1042.0544,0,0,22.5,112,111,0,13.9,13.9,0.0,0,0,24.0,5,0,0
8,2020-07-27 04:01:00,10,14.1,1042.0544,0,0,22.5,112,111,0,13.9,13.9,0.0,0,0,24.0,5,0,0,8,2020-07-27 04:02:00,10,14.05,1046.0470334968577,0,0,22.45,112,111,0,13.7,13.7,0.0,0,0,24.0,5,0,0
8,2020-07-27 04:02:00,10,14.05,1046.0470334968577,0,0,22.45,112,111,0,13.7,13.7,0.0,0,0,24.0,5,0,0,8,2020-07-27 04:03:00,10,13.75,1008.25,0,0,22.0,110,109,0,14.0,14.0,0.0,0,0,24.0,5,0,0
8,2020-07-27 04:03:00,10,13.75,1008.25,0,0,22.0,110,109,0,14.0,14.0,0.0,0,0,24.0,5,0,0,8,2020-07-27 04:04:00,10,14.05,1047.322582725284,0,0,22.45,112,111,0,13.9,13.9,0.0,0,0,24.0,5,0,0
8,2020-07-27 04:04:00,10,14.05,1047.322582725284,0,0,22.45,112,111,0,13.9,13.9,0.0,0,0,24.0,5,0,0,8,2020-07-27 04:05:00,10,14.05,1048.8159086512467,0,0,22.45,112,111,0,13.9,13.9,0.0,0,0,24.0,5,0,0
8,2020-07-27 04:05:00,10,14.05,1048.8159086512467,0,0,22.45,112,111,0,13.9,13.9,0.0,0,0,24.0,5,0,0,8,2020-07-27 04:06:00,10,13.85,1010.6102454904691,0,0,22.1,110,109,0,13.7,13.7,0.0,0,0,24.0,5,0,0
8,2020-07-27 04:06:00,10,13.85,1010.6102454904691,0,0,22.1,110,109,0,13.7,13.7,0.0,0,0,24.0,5,0,0,8,2020-07-27 04:07:00,10,13.75,1008.25,0,0,22.0,110,109,0,13.75,13.75,0.0,0,0,24.0,5,0,0
8,2020-07-27 04:07:00,10,13.75,1008.25,0,0,22.0,110,109,0,13.75,13.75,0.0,0,0,24.0,5,0,0,8,2020-07-27 04:08:00,10,14.1,1044.3322666666668,0,0,22.5,112,111,0,13.65,13.65,0.0,0,0,24.0,5,0,0
8,2020-07-27 04:08:00,10,14.1,1044.3322666666668,0,0,22.5,112,111,0,13.65,13.65,0.0,0,0,24.0,5,0,0,8,2020-07-27 04:09:00,10,14.1,1042.2300444444445,0,0,22.5,112,111,0,13.8,13.8,0.0,0,0,24.0,5,0,0
8,2020-07-27 04:09:00,10,14.1,1042.2300444444445,0,0,22.5,112,111,0,13.8,13.8,0.0,0,0,24.0,5,0,0,8,2020-07-27 04:10:00,10,13.7,975.8140728894874,0,0,21.8,108,107,0,13.45,13.45,0.0,0,0,24.0,5,0,0
8,2020-07-27 04:10:00,10,13.7,975.8140728894874,0,0,21.8,108,107,0,13.45,13.45,0.0,0,0,24.0,5,0,0,8,2020-07-27 04:11:00,10,13.85,1013.8915869863434,0,0,22.1,110,109,0,13.5,13.5,0.0,0,0,24.0,5,0,0
8,2020-07-27 04:11:00,10,13.85,1013.8915869863434,0,0,22.1,110,109,0,13.5,13.5,0.0,0,0,24.0,5,0,0,8,2020-07-27 04:12:00,10,14.1,1043.6416,0,0,22.5,112,111,0,13.8,13.8,0.0,0,0,24.0,5,0,0
8,2020-07-27 04:12:00,10,14.1,1043.6416,0,0,22.5,112,111,0,13.8,13.8,0.0,0,0,24.0,5,0,0,8,2020-07-27 04:13:00,10,14.05,1042.9892708865532,0,0,22.45,112,111,0,13.95,13.95,0.0,0,0,24.0,5,0,0
8,2020-07-27 04:13:00,10,14.05,1042.9892708865532,0,0,22.45,112,111,0,13.95,13.95,0.0,0,0,24.0,5,0,0,8,2020-07-27 04:14:00,10,13.85,1006.403452017772,0,0,22.1,110,109,0,13.75,13.75,0.0,0,0,24.0,5,0,0
8,2020-07-27 04:14:00,10,13.85,1006.403452017772,0,0,22.1,110,109,0,13.75,13.75,0.0,0,0,24.0,5,0,0,8,2020-07-27 04:15:00,10,13.7,971.9166666666666,0,0,21.8,108,107,0,13.75,13.85,0.0,0,0,24.0,5,0,0
8,2020-07-27 04:15:00,10,13.7,971.9166666666666,0,0,21.8,108,107,0,13.75,13.85,0.0,0,0,24.0,5,0,0,8,2020-07-27 04:16:00,10,13.6,972.6040476544416,0,0,21.7,108,107,0,13.3,13.3,0.0,0,0,24.0,5,0,0
8,2020-07-27 04:16:00,10,13.6,972.6040476544416,0,0,21.7,108,107,0,13.3,13.3,0.0,0,0,24.0,5,0,0,8,2020-07-27 04:17:00,10,13.85,994.0916349890633,0,0,21.95,109,109,0,13.4,13.5,0.0,0,0,24.0,5,0,0
8,2020-07-27 04:17:00,10,13.85,994.0916349890633,0,0,21.95,109,109,0,13.4,13.5,0.0,0,0,24.0,5,0,0,8,2020-07-27 04:18:00,10,14.25,971.9166666666666,0,0,22.35,108,107,0,13.85,14.15,0.0,0,0,24.0,5,0,0
8,2020-07-27 04:18:00,10,14.25,971.9166666666666,0,0,22.35,108,107,0,13.85,14.15,0.0,0,0,24.0,5,0,0,8,2020-07-27 04:19:00,10,14.35,1007.2105403247272,0,0,22.6,110,109,0,13.75,13.95,0.0,0,0,24.0,5,0,0
8,2020-07-27 04:19:00,10,14.35,1007.2105403247272,0,0,22.6,110,109,0,13.75,13.95,0.0,0,0,24.0,5,0,0,8,2020-07-27 04:20:00,10,14.4,1046.8921195077703,0,0,22.8,112,111,0,13.8,13.9,0.0,0,0,24.0,5,0,0
8,2020-07-27 04:20:00,10,14.4,1046.8921195077703,0,0,22.8,112,111,0,13.8,13.9,0.0,0,0,24.0,5,0,0,8,2020-07-27 04:21:00,10,14.3,1049.5225718126399,0,0,22.7,112,111,0,13.95,14.05,0.0,0,0,24.0,5,0,0
8,2020-07-27 04:21:00,10,14.3,1049.5225718126399,0,0,22.7,112,111,0,13.95,14.05,0.0,0,0,24.0,5,0,0,8,2020-07-27 04:22:00,10,13.9,1010.9426086247573,0,0,22.15,110,109,0,13.75,13.75,0.0,0,0,24.0,5,0,0
8,2020-07-27 04:22:00,10,13.9,1010.9426086247573,0,0,22.15,110,109,0,13.75,13.75,0.0,0,0,24.0,5,0,0,8,2020-07-27 04:23:00,10,13.9,1005.4647514127461,0,0,22.15,110,109,0,13.6,13.6,0.0,0,0,24.0,5,0,0
8,2020-07-27 04:23:00,10,13.9,1005.4647514127461,0,0,22.15,110,109,0,13.6,13.6,0.0,0,0,24.0,5,0,0,8,2020-07-27 04:24:00,10,14.25,1043.082603756926,0,0,22.65,112,111,0,13.9,14.1,0.0,0,0,24.0,5,0,0
8,2020-07-27 04:24:00,10,14.25,1043.082603756926,0,0,22.65,112,111,0,13.9,14.1,0.0,0,0,24.0,5,0,0,8,2020-07-27 04:25:00,10,14.5,1043.1670477825012,0,0,22.9,112,111,0,13.85,14.1,0.0,0,0,24.0,5,0,0
8,2020-07-27 04:25:00,10,14.5,1043.1670477825012,0,0,22.9,112,111,0,13.85,14.1,0.0,0,0,24.0,5,0,0,8,2020-07-27 04:26:00,10,13.8,1007.3217435122197,0,0,22.05,110,109,0,13.75,13.75,0.0,0,0,24.0,5,0,0
8,2020-07-27 04:26:00,10,13.8,1007.3217435122197,0,0,22.05,110,109,0,13.75,13.75,0.0,0,0,24.0,5,0,0,8,2020-07-27 04:27:00,10,13.9,1010.9316837283247,0,0,22.15,110,109,0,13.55,13.55,0.0,0,0,24.0,5,0,0
8,2020-07-27 04:27:00,10,13.9,1010.9316837283247,0,0,22.15,110,109,0,13.55,13.55,0.0,0,0,24.0,5,0,0,8,2020-07-27 04:28:00,10,13.85,1007.9599926291436,0,0,22.1,110,109,0,13.75,13.75,0.0,0,0,24.0,5,0,0
8,2020-07-27 04:28:00,10,13.85,1007.9599926291436,0,0,22.1,110,109,0,13.75,13.75,0.0,0,0,24.0,5,0,0,8,2020-07-27 04:29:00,10,14.0,1045.25,0,0,22.4,112,111,0,13.75,13.75,0.0,0,0,24.0,5,0,0
8,2020-07-27 04:29:00,10,14.0,1045.25,0,0,22.4,112,111,0,13.75,13.75,0.0,0,0,24.0,5,0,0,8,2020-07-27 04:30:00,10,13.8,1006.8240085149706,0,0,22.05,110,109,0,13.75,13.75,0.0,0,0,24.0,5,0,0
8,2020-07-27 04:30:00,10,13.8,1006.8240085149706,0,0,22.05,110,109,0,13.75,13.75,0.0,0,0,24.0,5,0,0,8,2020-07-27 04:31:00,10,13.85,1009.0269650498557,0,0,22.1,110,109,0,13.8,13.8,0.0,0,0,24.0,5,0,0
8,2020-07-27 04:31:00,10,13.85,1009.0269650498557,0,0,22.1,110,109,0,13.8,13.8,0.0,0,0,24.0,5,0,0,8,2020-07-27 04:32:00,10,14.05,1043.2159364288868,0,0,22.45,112,111,0,13.75,13.75,0.0,0,0,24.0,5,0,0
8,2020-07-27 04:32:00,10,14.05,1043.2159364288868,0,0,22.45,112,111,0,13.75,13.75,0.0,0,0,24.0,5,0,0,8,2020-07-27 04:33:00,10,13.65,971.1210252345091,0,0,21.75,108,107,0,13.55,13.55,0.0,0,0,24.0,5,0,0
8,2020-07-27 04:33:00,10,13.65,971.1210252345091,0,0,21.75,108,107,0,13.55,13.55,0.0,0,0,24.0,5,0,0,8,2020-07-27 04:34:00,10,13.75,1008.25,0,0,22.0,110,109,0,13.7,13.7,0.0,0,0,24.0,5,0,0
8,2020-07-27 04:34:00,10,13.75,1008.25,0,0,22.0,110,109,0,13.7,13.7,0.0,0,0,24.0,5,0,0,8,2020-07-27 04:35:00,10,14.0,1038.3599280532526,0,0,22.4,112,111,0,13.8,13.8,0.0,0,0,24.0,5,0,0
8,2020-07-27 04:35:00,10,14.0,1038.3599280532526,0,0,22.4,112,111,0,13.8,13.8,0.0,0,0,24.0,5,0,0,8,2020-07-27 04:36:00,10,13.85,1010.9459726459327,0,0,22.1,111,110,0,13.8,13.8,0.0,0,0,24.0,5,0,0
8,2020-07-27 04:36:00,10,13.85,1010.9459726459327,0,0,22.1,111,110,0,13.8,13.8,0.0,0,0,24.0,5,0,0,8,2020-07-27 04:37:00,10,13.85,1006.0724800884503,0,0,22.1,110,109,0,13.65,13.65,0.0,0,0,24.0,5,0,0
8,2020-07-27 04:37:00,10,13.85,1006.0724800884503,0,0,22.1,110,109,0,13.65,13.65,0.0,0,0,24.0,5,0,0,8,2020-07-27 04:38:00,10,13.8,1006.3760470174464,0,0,22.05,110,109,0,13.55,13.55,0.0,0,0,24.0,5,0,0
8,2020-07-27 04:38:00,10,13.8,1006.3760470174464,0,0,22.05,110,109,0,13.55,13.55,0.0,0,0,24.0,5,0,0,8,2020-07-27 04:39:00,10,13.75,1008.25,0,0,22.0,110,109,0,13.75,13.75,0.0,0,0,24.0,5,0,0
8,2020-07-27 04:39:00,10,13.75,1008.25,0,0,22.0,110,109,0,13.75,13.75,0.0,0,0,24.0,5,0,0,8,2020-07-27 04:40:00,10,13.75,1008.25,0,0,22.0,110,109,0,13.7,13.7,0.0,0,0,24.0,5,0,0
8,2020-07-27 04:40:00,10,13.75,1008.25,0,0,22.0,110,109,0,13.7,13.7,0.0,0,0,24.0,5,0,0,8,2020-07-27 04:41:00,10,13.65,972.9195190910292,0,0,21.75,108,107,0,13.55,13.55,0.0,0,0,24.0,5,0,0
8,2020-07-27 04:41:00,10,13.65,972.9195190910292,0,0,21.75,108,107,0,13.55,13.55,0.0,0,0,24.0,5,0,0,8,2020-07-27 04:42:00,10,14.0,1023.7661103396035,0,0,22.25,111,111,0,13.35,13.35,0.0,0,0,24.0,5,0,0
8,2020-07-27 04:42:00,10,14.0,1023.7661103396035,0,0,22.25,111,111,0,13.35,13.35,0.0,0,0,24.0,5,0,0,8,2020-07-27 04:43:00,10,13.95,1017.689665446282,0,0,22.25,112,111,0,13.8,13.8,0.0,0,0,24.0,5,0,0
8,2020-07-27 04:43:00,10,13.95,1017.689665446282,0,0,22.25,112,111,0,13.8,13.8,0.0,0,0,24.0,5,0,0,8,2020-07-27 04:44:00,10,14.05,1035.7772191884567,0,0,22.4,112,111,0,13.65,13.65,0.0,0,0,24.0,5,0,0
8,2020-07-27 04:44:00,10,14.05,1035.7772191884567,0,0,22.4,112,111,0,13.65,13.65,0.0,0,0,24.0,5,0,0,8,2020-07-27 04:45:00,10,14.3,1045.8257580246914,0,0,22.7,112,111,0,13.95,14.1,0.0,0,0,24.0,5,0,0
8,2020-07-27 04:45:00,10,14.3,1045.8257580246914,0,0,22.7,112,111,0,13.95,14.1,0.0,0,0,24.0,5,0,0,8,2020-07-27 04:46:00,10,14.0,1008.25,0,0,22.25,110,109,0,14.05,14.15,0.0,0,0,24.0,5,0,0
8,2020-07-27 04:46:00,10,14.0,1008.25,0,0,22.25,110,109,0,14.05,14.15,0.0,0,0,24.0,5,0,0,8,2020-07-27 04:47:00,10,14.05,1010.8556619926882,0,0,22.3,110,109,0,13.5,13.6,0.0,0,0,24.0,5,0,0
8,2020-07-27 04:47:00,10,14.05,1010.8556619926882,0,0,22.3,110,109,0,13.5,13.6,0.0,0,0,24.0,5,0,0,8,2020-07-27 04:48:00,10,14.8,1042.9226045505727,0,0,23.2,112,111,0,14.15,14.35,0.0,0,0,24.0,5,0,0
8,2020-07-27 04:48:00,10,14.8,1042.9226045505727,0,0,23.2,112,111,0,14.15,14.35,0.0,0,0,24.0,5,0,0,8,2020-07-27 04:49:00,10,13.85,973.1211110875151,0,0,21.95,108,107,0,13.65,13.85,0.0,0,0,24.0,5,0,0
8,2020-07-27 04:49:00,10,13.85,973.1211110875151,0,0,21.95,108,107,0,13.65,13.85,0.0,0,0,24.0,5,0,0,8,2020-07-27 04:50:00,10,14.0,1008.25,0,0,22.25,110,109,0,13.8,13.9,0.0,0,0,23.5,5,0,0
8,2020-07-27 04:50:00,10,14.0,1008.25,0,0,22.25,110,109,0,13.8,13.9,0.0,0,0,23.5,5,0,0,8,2020-07-27 04:51:00,10,14.4,1050.2270097000505,0,0,22.8,112,111,0,13.65,13.75,0.0,0,0,24.0,5,0,0
8,2020-07-27 04:51:00,10,14.4,1050.2270097000505,0,0,22.8,112,111,0,13.65,13.75,0.0,0,0,24.0,5,0,0,8,2020-07-27 04:52:00,10,13.85,1005.2806248848304,0,0,22.1,110,109,0,13.75,13.75,0.0,0,0,24.0,5,0,0
8,2020-07-27 04:52:00,10,13.85,1005.2806248848304,0,0,22.1,110,109,0,13.75,13.75,0.0,0,0,24.0,5,0,0,8,2020-07-27 04:53:00,10,13.95,1012.4255336417499,0,0,22.2,110,109,0,13.7,13.7,0.0,0,0,24.0,5,0,0
8,2020-07-27 04:53:00,10,13.95,1012.4255336417499,0,0,22.2,110,109,0,13.7,13.7,0.0,0,0,24.0,5,0,0,8,2020-07-27 04:54:00,10,13.9,964.7209830822321,0,0,22.0,108,107,0,13.45,13.5,0.0,0,0,24.0,5,0,0
8,2020-07-27 04:54:00,10,13.9,964.7209830822321,0,0,22.0,108,107,0,13.45,13.5,0.0,0,0,24.0,5,0,0,8,2020-07-27 04:55:00,10,14.5,1035.0314841757015,0,0,22.85,112,111,0,13.6,13.9,0.0,0,0,24.0,5,0,0
8,2020-07-27 04:55:00,10,14.5,1035.0314841757015,0,0,22.85,112,111,0,13.6,13.9,0.0,0,0,24.0,5,0,0,8,2020-07-27 04:56:00,10,14.15,1059.0806004777194,0,0,22.6,114,113,0,13.9,13.9,0.0,0,0,24.0,5,0,0
8,2020-07-27 04:56:00,10,14.15,1059.0806004777194,0,0,22.6,114,113,0,13.9,13.9,0.0,0,0,24.0,5,0,0,8,2020-07-27 04:57:00,10,13.7,971.2220141402239,0,0,21.8,108,107,0,13.5,13.5,0.0,0,0,24.0,5,0,0
8,2020-07-27 04:57:00,10,13.7,971.2220141402239,0,0,21.8,108,107,0,13.5,13.5,0.0,0,0,24.0,5,0,0,8,2020-07-27 04:58:00,10,13.95,1021.0854435516598,0,0,22.2,110,109,0,13.35,13.35,0.0,0,0,24.0,5,0,0
8,2020-07-27 04:58:00,10,13.95,1021.0854435516598,0,0,22.2,110,109,0,13.35,13.35,0.0,0,0,24.0,5,0,0,8,2020-07-27 04:59:00,10,13.85,1010.7309637394811,0,0,22.1,110,109,0,13.65,13.65,0.0,0,0,24.0,5,0,0
8,2020-07-27 04:59:00,10,13.85,1010.7309637394811,0,0,22.1,110,109,0,13.65,13.65,0.0,0,0,24.0,5,0,0,8,2020-07-27 05:00:00,10,13.5,936.0051510261301,0,0,21.45,106,105,0,13.2,13.2,0.0,0,0,24.0,5,0,0
8,2020-07-27 05:00:00,10,13.5,936.0051510261301,0,0,21.45,106,105,0,13.2,13.2,0.0,0,0,24.0,5,0,0,8,2020-07-27 05:01:00,10,14.0,1045.25,0,0,22.4,112,111,0,13.85,13.85,0.0,0,0,24.0,5,0,0
8,2020-07-27 05:01:00,10,14.0,1045.25,0,0,22.4,112,111,0,13.85,13.85,0.0,0,0,24.0,5,0,0,8,2020-07-27 05:02:00,10,13.95,1034.2745521973484,0,0,22.35,112,111,0,13.85,13.85,0.0,0,0,23.5,5,0,0
8,2020-07-27 05:02:00,10,13.95,1034.2745521973484,0,0,22.35,112,111,0,13.85,13.85,0.0,0,0,23.5,5,0,0,8,2020-07-27 05:03:00,10,13.9,1017.5776793767102,0,0,22.15,112,111,0,13.7,13.7,0.0,0,0,23.5,5,0,0
8,2020-07-27 05:03:00,10,13.9,1017.5776793767102,0,0,22.15,112,111,0,13.7,13.7,0.0,0,0,23.5,5,0,0,8,2020-07-27 05:04:00,10,13.85,1007.1666427796318,0,0,22.1,110,109,0,13.9,13.9,0.0,0,0,24.0,5,0,0
8,2020-07-27 05:04:00,10,13.85,1007.1666427796318,0,0,22.1,110,109,0,13.9,13.9,0.0,0,0,24.0,5,0,0,8,2020-07-27 05:05:00,10,14.0,1045.25,0,0,22.4,112,111,0,14.0,14.0,0.0,0,0,24.0,5,0,0
8,2020-07-27 05:05:00,10,14.0,1045.25,0,0,22.4,112,111,0,14.0,14.0,0.0,0,0,24.0,5,0,0,8,2020-07-27 05:06:00,10,14.1,1049.6170666666667,0,0,22.5,112,111,0,13.7,13.7,0.0,0,0,24.0,5,0,0
8,2020-07-27 05:06:00,10,14.1,1049.6170666666667,0,0,22.5,112,111,0,13.7,13.7,0.0,0,0,24.0,5,0,0,8,2020-07-27 05:07:00,10,13.65,1017.8152781080724,0,0,21.75,109,109,0,13.55,13.55,0.0,0,0,24.0,5,0,0
8,2020-07-27 05:07:00,10,13.65,1017.8152781080724,0,0,21.75,109,109,0,13.55,13.55,0.0,0,0,24.0,5,0,0,8,2020-07-27 05:08:00,10,14.05,1043.082603756926,0,0,22.45,112,111,0,13.75,13.75,0.0,0,0,24.0,5,0,0
8,2020-07-27 05:08:00,10,14.05,1043.082603756926,0,0,22.45,112,111,0,13.75,13.75,0.0,0,0,24.0,5,0,0,8,2020-07-27 05:09:00,10,14.1,1042.6296098765433,0,0,22.5,112,111,0,14.0,14.0,0.0,0,0,24.0,5,0,0
8,2020-07-27 05:09:00,10,14.1,1042.6296098765433,0,0,22.5,112,111,0,14.0,14.0,0.0,0,0,24.0,5,0,0,8,2020-07-27 05:10:00,10,13.9,1010.6066272949162,0,0,22.15,110,109,0,13.7,13.7,0.0,0,0,24.0,5,0,0
8,2020-07-27 05:10:00,10,13.9,1010.6066272949162,0,0,22.15,110,109,0,13.7,13.7,0.0,0,0,24.0,5,0,0,8,2020-07-27 05:11:00,10,14.05,1043.1670477825012,0,0,22.45,112,111,0,13.75,13.75,0.0,0,0,24.0,5,0,0
8,2020-07-27 05:11:00,10,14.05,1043.1670477825012,0,0,22.45,112,111,0,13.75,13.75,0.0,0,0,24.0,5,0,0,8,2020-07-27 05:12:00,10,13.85,1008.3645912245859,0,0,22.1,110,109,0,13.8,13.8,0.0,0,0,24.0,5,0,0
8,2020-07-27 05:12:00,10,13.85,1008.3645912245859,0,0,22.1,110,109,0,13.8,13.8,0.0,0,0,24.0,5,0,0,8,2020-07-27 05:13:00,10,13.65,978.8381873431101,0,0,21.75,109,109,0,13.45,13.45,0.0,0,0,22.0,5,0,0
8,2020-07-27 05:13:00,10,13.65,978.8381873431101,0,0,21.75,109,109,0,13.45,13.45,0.0,0,0,22.0,5,0,0,8,2020-07-27 05:14:00,10,14.3,1044.90747654321,0,0,22.7,112,111,0,13.95,14.1,0.0,0,0,24.0,5,0,0
8,2020-07-27 05:14:00,10,14.3,1044.90747654321,0,0,22.7,112,111,0,13.95,14.1,0.0,0,0,24.0,5,0,0,8,2020-07-27 05:15:00,10,14.0,1045.25,0,0,22.4,112,111,0,13.8,13.8,0.0,0,0,24.0,5,0,0
8,2020-07-27 05:15:00,10,14.0,1045.25,0,0,22.4,112,111,0,13.8,13.8,0.0,0,0,24.0,5,0,0,8,2020-07-27 05:16:00,10,14.25,1008.25,0,0,22.5,110,109,0,13.9,14.0,0.0,0,0,24.0,5,0,0
8,2020-07-27 05:16:00,10,14.25,1008.25,0,0,22.5,110,109,0,13.9,14.0,0.0,0,0,24.0,5,0,0,8,2020-07-27 05:17:00,10,13.75,1008.25,0,0,22.0,110,109,0,13.8,13.8,0.0,0,0,24.0,5,0,0
8,2020-07-27 05:17:00,10,13.75,1008.25,0,0,22.0,110,109,0,13.8,13.8,0.0,0,0,24.0,5,0,0,8,2020-07-27 05:18:00,10,14.6,1010.6313548043652,0,0,22.85,110,109,0,13.85,14.05,0.0,0,0,24.0,5,0,0
8,2020-07-27 05:18:00,10,14.6,1010.6313548043652,0,0,22.85,110,109,0,13.85,14.05,0.0,0,0,24.0,5,0,0,8,2020-07-27 05:19:00,10,14.3,1005.8063582489593,0,0,22.55,110,109,0,13.75,14.05,0.0,0,0,24.0,5,0,0
8,2020-07-27 05:19:00,10,14.3,1005.8063582489593,0,0,22.55,110,109,0,13.75,14.05,0.0,0,0,24.0,5,0,0,8,2020-07-27 05:20:00,10,14.0,1045.25,0,0,22.4,112,111,0,13.95,13.95,0.0,0,0,24.0,5,0,0
8,2020-07-27 05:20:00,10,14.0,1045.25,0,0,22.4,112,111,0,13.95,13.95,0.0,0,0,24.0,5,0,0,8,2020-07-27 05:21:00,10,13.75,982.4859951091538,0,0,21.85,110,109,0,13.45,13.45,0.0,0,0,24.0,5,0,0
8,2020-07-27 05:21:00,10,13.75,982.4859951091538,0,0,21.85,110,109,0,13.45,13.45,0.0,0,0,24.0,5,0,0,8,2020-07-27 05:22:00,10,14.25,1044.2310218032526,0,0,22.65,112,111,0,13.85,13.95,0.0,0,0,24.0,5,0,0
8,2020-07-27 05:22:00,10,14.25,1044.2310218032526,0,0,22.65,112,111,0,13.85,13.95,0.0,0,0,24.0,5,0,0,8,2020-07-27 05:23:00,10,13.85,1007.4607604266907,0,0,22.1,110,109,0,13.65,13.65,0.0,0,0,24.0,5,0,0
8,2020-07-27 05:23:00,10,13.85,1007.4607604266907,0,0,22.1,110,109,0,13.65,13.65,0.0,0,0,24.0,5,0,0,8,2020-07-27 05:24:00,10,13.8,972.1057982068281,0,0,21.9,108,107,0,13.45,13.55,0.0,0,0,24.0,5,0,0
8,2020-07-27 05:24:00,10,13.8,972.1057982068281,0,0,21.9,108,107,0,13.45,13.55,0.0,0,0,24.0,5,0,0,8,2020-07-27 05:25:00,10,14.2,1010.443899404055,0,0,22.45,110,109,0,13.7,14.05,0.0,0,0,24.0,5,0,0
8,2020-07-27 05:25:00,10,14.2,1010.443899404055,0,0,22.45,110,109,0,13.7,14.05,0.0,0,0,24.0,5,0,0,8,2020-07-27 05:26:00,10,14.1,1045.6933333333334,0,0,22.5,112,111,0,13.7,13.7,0.0,0,0,24.0,5,0,0
8,2020-07-27 05:26:00,10,14.1,1045.6933333333334,0,0,22.5,112,111,0,13.7,13.7,0.0,0,0,24.0,5,0,0,8,2020-07-27 05:27:00,10,13.8,1011.5072423527234,0,0,22.05,110,109,0,13.75,13.75,0.0,0,0,24.0,5,0,0
8,2020-07-27 05:27:00,10,13.8,1011.5072423527234,0,0,22.05,110,109,0,13.75,13.75,0.0,0,0,24.0,5,0,0,8,2020-07-27 05:28:00,10,13.55,970.225623903269,0,0,21.65,108,107,0,13.55,13.55,0.0,0,0,24.0,5,0,0
8,2020-07-27 05:28:00,10,13.55,970.225623903269,0,0,21.65,108,107,0,13.55,13.55,0.0,0,0,24.0,5,0,0,8,2020-07-27 05:29:00,10,13.95,1007.4818399480562,0,0,22.2,110,109,0,13.65,13.65,0.0,0,0,24.0,5,0,0
8,2020-07-27 05:29:00,10,13.95,1007.4818399480562,0,0,22.2,110,109,0,13.65,13.65,0.0,0,0,24.0,5,0,0,8,2020-07-27 05:30:00,10,13.9,1045.2904014797527,0,0,22.15,111,111,0,13.45,13.45,0.0,0,0,24.0,5,0,0
8,2020-07-27 05:30:00,10,13.9,1045.2904014797527,0,0,22.15,111,111,0,13.45,13.45,0.0,0,0,24.0,5,0,0,8,2020-07-27 05:31:00,10,13.7,970.5752672333979,0,0,21.8,108,107,0,13.45,13.45,0.0,0,0,24.0,5,0,0
8,2020-07-27 05:31:00,10,13.7,970.5752672333979,0,0,21.8,108,107,0,13.45,13.45,0.0,0,0,24.0,5,0,0,8,2020-07-27 05:32:00,10,13.8,1037.4010623145705,0,0,22.05,111,111,0,13.7,13.7,0.0,0,0,24.0,5,0,0
8,2020-07-27 05:32:00,10,13.8,1037.4010623145705,0,0,22.05,111,111,0,13.7,13.7,0.0,0,0,24.0,5,0,0,8,2020-07-27 05:33:00,10,14.05,1043.269269497671,0,0,22.45,112,111,0,13.75,13.75,0.0,0,0,24.0,5,0,0
8,2020-07-27 05:33:00,10,14.05,1043.269269497671,0,0,22.45,112,111,0,13.75,13.75,0.0,0,0,24.0,5,0,0,8,2020-07-27 05:34:00,10,13.9,1004.7691860850247,0,0,22.15,110,109,0,13.45,13.45,0.0,0,0,24.0,5,0,0
8,2020-07-27 05:34:00,10,13.9,1004.7691860850247,0,0,22.15,110,109,0,13.45,13.45,0.0,0,0,24.0,5,0,0,8,2020-07-27 05:35:00,10,14.1,1045.165511111111,0,0,22.5,112,111,0,13.9,13.9,0.0,0,0,24.0,5,0,0
8,2020-07-27 05:35:00,10,14.1,1045.165511111111,0,0,22.5,112,111,0,13.9,13.9,0.0,0,0,24.0,5,0,0,8,2020-07-27 05:36:00,10,13.9,1009.62045156918,0,0,22.15,110,109,0,13.55,13.55,0.0,0,0,24.0,5,0,0
8,2020-07-27 05:36:00,10,13.9,1009.62045156918,0,0,22.15,110,109,0,13.55,13.55,0.0,0,0,24.0,5,0,0,8,2020-07-27 05:37:00,10,13.95,1029.8103471783866,0,0,22.25,112,111,0,13.9,13.9,0.0,0,0,24.0,5,0,0
8,2020-07-27 05:37:00,10,13.95,1029.8103471783866,0,0,22.25,112,111,0,13.9,13.9,0.0,0,0,24.0,5,0,0,8,2020-07-27 05:38:00,10,14.25,1060.224852071006,0,0,22.75,114,113,0,13.9,13.9,0.0,0,0,24.0,5,0,0
8,2020-07-27 05:38:00,10,14.25,1060.224852071006,0,0,22.75,114,113,0,13.9,13.9,0.0,0,0,24.0,5,0,0,8,2020-07-27 05:39:00,10,13.55,969.7002810831568,0,0,21.65,108,107,0,13.5,13.5,0.0,0,0,24.0,5,0,0
8,2020-07-27 05:39:00,10,13.55,969.7002810831568,0,0,21.65,108,107,0,13.5,13.5,0.0,0,0,24.0,5,0,0,8,2020-07-27 05:40:00,10,14.1,1046.5170172839505,0,0,22.5,112,111,0,13.85,13.85,0.0,0,0,24.0,5,0,0
8,2020-07-27 05:40:00,10,14.1,1046.5170172839505,0,0,22.5,112,111,0,13.85,13.85,0.0,0,0,24.0,5,0,0,8,2020-07-27 05:41:00,10,14.1,1044.0735802469135,0,0,22.5,112,111,0,13.95,13.95,0.0,0,0,24.0,5,0,0
8,2020-07-27 05:41:00,10,14.1,1044.0735802469135,0,0,22.5,112,111,0,13.95,13.95,0.0,0,0,24.0,5,0,0,8,2020-07-27 05:42:00,10,14.25,1041.6660477854284,0,0,22.65,112,111,0,13.45,13.45,0.0,0,0,24.0,5,0,0
8,2020-07-27 05:42:00,10,14.25,1041.6660477854284,0,0,22.65,112,111,0,13.45,13.45,0.0,0,0,24.0,5,0,0,8,2020-07-27 05:43:00,10,14.05,1005.8703548248398,0,0,22.3,110,109,0,13.95,14.1,0.0,0,0,24.0,5,0,0
8,2020-07-27 05:43:00,10,14.05,1005.8703548248398,0,0,22.3,110,109,0,13.95,14.1,0.0,0,0,24.0,5,0,0,8,2020-07-27 05:44:00,10,14.15,1041.0081759676698,0,0,22.55,112,111,0,13.75,13.75,0.0,0,0,24.0,5,0,0
8,2020-07-27 05:44:00,10,14.15,1041.0081759676698,0,0,22.55,112,111,0,13.75,13.75,0.0,0,0,24.0,5,0,0,8,2020-07-27 05:45:00,10,14.35,1032.6498689780287,0,0,22.75,112,111,0,13.7,13.8,0.0,0,0,24.0,5,0,0
8,2020-07-27 05:45:00,10,14.35,1032.6498689780287,0,0,22.75,112,111,0,13.7,13.8,0.0,0,0,24.0,5,0,0,8,2020-07-27 05:46:00,10,14.25,1018.2109127635399,0,0,22.5,112,111,0,13.75,13.85,0.0,0,0,24.0,5,0,0
8,2020-07-27 05:46:00,10,14.25,1018.2109127635399,0,0,22.5,112,111,0,13.75,13.85,0.0,0,0,24.0,5,0,0,8,2020-07-27 05:47:00,10,14.4,1042.4552484992698,0,0,22.8,112,111,0,13.95,14.05,0.0,0,0,24.0,5,0,0
8,2020-07-27 05:47:00,10,14.4,1042.4552484992698,0,0,22.8,112,111,0,13.95,14.05,0.0,0,0,24.0,5,0,0,8,2020-07-27 05:48:00,10,14.45,1006.2968817068552,0,0,22.7,110,109,0,13.6,13.75,0.0,0,0,24.0,5,0,0
8,2020-07-27 05:48:00,10,14.45,1006.2968817068552,0,0,22.7,110,109,0,13.6,13.75,0.0,0,0,24.0,5,0,0,8,2020-07-27 05:49:00,10,14.5,1043.6026011775734,0,0,22.9,112,111,0,14.0,14.25,0.0,0,0,24.0,5,0,0
8,2020-07-27 05:49:00,10,14.5,1043.6026011775734,0,0,22.9,112,111,0,14.0,14.25,0.0,0,0,24.0,5,0,0,8,2020-07-27 05:50:00,10,14.2,1044.6747591823948,0,0,22.6,112,111,0,13.85,13.85,0.0,0,0,24.0,5,0,0
8,2020-07-27 05:50:00,10,14.2,1044.6747591823948,0,0,22.6,112,111,0,13.85,13.85,0.0,0,0,24.0,5,0,0,8,2020-07-27 05:51:00,10,13.55,1013.5015494242328,0,0,21.65,109,109,0,13.65,13.65,0.0,0,0,24.0,5,0,0
8,2020-07-27 05:51:00,10,13.55,1013.5015494242328,0,0,21.65,109,109,0,13.65,13.65,0.0,0,0,24.0,5,0,0,8,2020-07-27 05:52:00,10,14.3,1048.3670219889782,0,0,22.7,112,111,0,13.85,13.95,0.0,0,0,24.0,5,0,0
8,2020-07-27 05:52:00,10,14.3,1048.3670219889782,0,0,22.7,112,111,0,13.85,13.95,0.0,0,0,24.0,5,0,0,8,2020-07-27 05:53:00,10,13.85,1012.9431100541683,0,0,21.95,109,109,0,13.35,13.5,0.0,0,0,24.0,5,0,0
8,2020-07-27 05:53:00,10,13.85,1012.9431100541683,0,0,21.95,109,109,0,13.35,13.5,0.0,0,0,24.0,5,0,0,8,2020-07-27 05:54:00,10,13.75,1005.6350612569271,0,0,21.85,109,109,0,13.75,13.9,0.0,0,0,24.0,5,0,0
8,2020-07-27 05:54:00,10,13.75,1005.6350612569271,0,0,21.85,109,109,0,13.75,13.9,0.0,0,0,24.0,5,0,0,8,2020-07-27 05:55:00,10,14.3,1047.0882172839506,0,0,22.7,112,111,0,13.8,14.0,0.0,0,0,24.0,5,0,0
8,2020-07-27 05:55:00,10,14.3,1047.0882172839506,0,0,22.7,112,111,0,13.8,14.0,0.0,0,0,24.0,5,0,0,8,2020-07-27 05:56:00,10,13.8,1009.4936780456703,0,0,22.05,110,109,0,13.7,13.7,0.0,0,0,24.0,5,0,0
8,2020-07-27 05:56:00,10,13.8,1009.4936780456703,0,0,22.05,110,109,0,13.7,13.7,0.0,0,0,24.0,5,0,0,8,2020-07-27 05:57:00,10,13.7,974.9340964565272,0,0,21.8,108,107,0,13.3,13.3,0.0,0,0,24.0,5,0,0
8,2020-07-27 05:57:00,10,13.7,974.9340964565272,0,0,21.8,108,107,0,13.3,13.3,0.0,0,0,24.0,5,0,0,8,2020-07-27 05:58:00,10,14.15,1044.6343921612972,0,0,22.55,112,111,0,13.9,13.9,0.0,0,0,24.0,5,0,0
8,2020-07-27 05:58:00,10,14.15,1044.6343921612972,0,0,22.55,112,111,0,13.9,13.9,0.0,0,0,24.0,5,0,0,8,2020-07-27 05:59:00,10,13.75,1008.25,0,0,22.0,110,109,0,13.65,13.65,0.0,0,0,24.0,5,0,0
8,2020-07-27 05:59:00,10,13.75,1008.25,0,0,22.0,110,109,0,13.65,13.65,0.0,0,0,24.0,5,0,0,8,2020-07-27 06:00:00,10,14.0,1045.25,0,0,22.4,112,111,0,13.75,13.75,0.0,0,0,24.0,5,0,0
8,2020-07-27 06:00:00,10,14.0,1045.25,0,0,22.4,112,111,0,13.75,13.75,0.0,0,0,24.0,5,0,0,8,2020-07-27 06:01:00,10,13.65,972.1231338353812,0,0,21.75,108,107,0,13.5,13.5,0.0,0,0,24.0,5,0,0
8,2020-07-27 06:01:00,10,13.65,972.1231338353812,0,0,21.75,108,107,0,13.5,13.5,0.0,0,0,24.0,5,0,0,8,2020-07-27 06:02:00,10,14.0,1045.25,0,0,22.4,112,111,0,13.85,13.85,0.0,0,0,24.0,5,0,0
8,2020-07-27 06:02:00,10,14.0,1045.25,0,0,22.4,112,111,0,13.85,13.85,0.0,0,0,24.0,5,0,0,8,2020-07-27 06:03:00,10,13.55,971.0551125666038,0,0,21.65,108,107,0,13.7,13.7,0.0,0,0,24.0,5,0,0
8,2020-07-27 06:03:00,10,13.55,971.0551125666038,0,0,21.65,108,107,0,13.7,13.7,0.0,0,0,24.0,5,0,0,8,2020-07-27 06:04:00,10,13.95,1012.0764345426508,0,0,22.2,111,111,0,13.55,13.55,0.0,0,0,24.0,5,0,0
8,2020-07-27 06:04:00,10,13.95,1012.0764345426508,0,0,22.2,111,111,0,13.55,13.55,0.0,0,0,24.0,5,0,0,8,2020-07-27 06:05:00,10,14.05,1004.3797985079129,0,0,22.3,110,109,0,13.5,13.5,0.0,0,0,24.0,5,0,0
8,2020-07-27 06:05:00,10,14.05,1004.3797985079129,0,0,22.3,110,109,0,13.5,13.5,0.0,0,0,24.0,5,0,0,8,2020-07-27 06:06:00,10,14.1,1048.111111111111,0,0,22.5,112,111,0,13.9,13.9,0.0,0,0,24.0,5,0,0
8,2020-07-27 06:06:00,10,14.1,1048.111111111111,0,0,22.5,112,111,0,13.9,13.9,0.0,0,0,24.0,5,0,0,8,2020-07-27 06:07:00,10,13.75,1008.25,0,0,22.0,110,109,0,13.75,13.75,0.0,0,0,24.0,5,0,0
8,2020-07-27 06:07:00,10,13.75,1008.25,0,0,22.0,110,109,0,13.75,13.75,0.0,0,0,24.0,5,0,0,8,2020-07-27 06:08:00,10,14.1,1041.0082172839507,0,0,22.5,112,111,0,13.65,13.65,0.0,0,0,24.0,5,0,0
8,2020-07-27 06:08:00,10,14.1,1041.0082172839507,0,0,22.5,112,111,0,13.65,13.65,0.0,0,0,24.0,5,0,0,8,2020-07-27 06:09:00,10,14.05,1044.4825968125158,0,0,22.45,112,111,0,13.9,13.9,0.0,0,0,24.0,5,0,0
8,2020-07-27 06:09:00,10,14.05,1044.4825968125158,0,0,22.45,112,111,0,13.9,13.9,0.0,0,0,24.0,5,0,0,8,2020-07-27 06:10:00,10,13.55,976.5159129335588,0,0,21.65,109,108,0,13.6,13.6,0.0,0,0,24.0,5,0,0
8,2020-07-27 06:10:00,10,13.55,976.5159129335588,0,0,21.65,109,108,0,13.6,13.6,0.0,0,0,24.0,5,0,0,8,2020-07-27 06:11:00,10,13.65,977.962404544854,0,0,21.75,109,109,0,13.4,13.4,0.0,0,0,24.0,5,0,0
8,2020-07-27 06:11:00,10,13.65,977.962404544854,0,0,21.75,109,109,0,13.4,13.4,0.0,0,0,24.0,5,0,0,8,2020-07-27 06:12:00,10,14.15,1044.698265986893,0,0,22.55,112,111,0,13.8,13.8,0.0,0,0,24.0,5,0,0
8,2020-07-27 06:12:00,10,14.15,1044.698265986893,0,0,22.55,112,111,0,13.8,13.8,0.0,0,0,24.0,5,0,0,8,2020-07-27 06:13:00,10,14.1,1042.6952888888889,0,0,22.5,112,111,0,13.75,13.75,0.0,0,0,24.0,5,0,0
8,2020-07-27 06:13:00,10,14.1,1042.6952888888889,0,0,22.5,112,111,0,13.75,13.75,0.0,0,0,24.0,5,0,0,8,2020-07-27 06:14:00,10,14.2,1045.25,0,0,22.6,112,111,0,14.0,14.15,0.0,0,0,24.0,5,0,0
8,2020-07-27 06:14:00,10,14.2,1045.25,0,0,22.6,112,111,0,14.0,14.15,0.0,0,0,24.0,5,0,0,8,2020-07-27 06:15:00,10,14.35,1046.9436839506172,0,0,22.75,112,111,0,13.95,14.05,0.0,0,0,24.0,5,0,0
8,2020-07-27 06:15:00,10,14.35,1046.9436839506172,0,0,22.75,112,111,0,13.95,14.05,0.0,0,0,24.0,5,0,0,8,2020-07-27 06:16:00,10,14.25,1008.25,0,0,22.5,110,109,0,13.8,14.0,0.0,0,0,24.0,5,0,0
8,2020-07-27 06:16:00,10,14.25,1008.25,0,0,22.5,110,109,0,13.8,14.0,0.0,0,0,24.0,5,0,0,8,2020-07-27 06:17:00,10,13.65,966.626904478795,0,0,21.75,108,107,0,13.55,13.55,0.0,0,0,24.0,5,0,0
8,2020-07-27 06:17:00,10,13.65,966.626904478795,0,0,21.75,108,107,0,13.55,13.55,0.0,0,0,24.0,5,0,0,8,2020-07-27 06:18:00,10,14.5,1028.7781130980086,0,0,22.85,112,111,0,13.65,13.8,0.0,0,0,24.0,5,0,0
8,2020-07-27 06:18:00,10,14.5,1028.7781130980086,0,0,22.85,112,111,0,13.65,13.8,0.0,0,0,24.0,5,0,0,8,2020-07-27 06:19:00,10,14.35,1022.3914618673217,0,0,22.65,112,111,0,13.85,14.05,0.0,0,0,24.0,5,0,0
8,2020-07-27 06:19:00,10,14.35,1022.3914618673217,0,0,22.65,112,111,0,13.85,14.05,0.0,0,0,24.0,5,0,0,8,2020-07-27 06:20:00,10,13.9,1005.5045783672783,0,0,22.15,110,109,0,13.6,13.6,0.0,0,0,24.0,5,0,0
8,2020-07-27 06:20:00,10,13.9,1005.5045783672783,0,0,22.15,110,109,0,13.6,13.6,0.0,0,0,24.0,5,0,0,8,2020-07-27 06:21:00,10,13.55,969.6864562721013,0,0,21.65,108,107,0,13.7,13.7,0.0,0,0,24.0,5,0,0
8,2020-07-27 06:21:00,10,13.55,969.6864562721013,0,0,21.65,108,107,0,13.7,13.7,0.0,0,0,24.0,5,0,0,8,2020-07-27 06:22:00,10,14.15,1048.7289246365553,0,0,22.55,112,111,0,13.45,13.45,0.0,0,0,24.0,5,0,0
8,2020-07-27 06:22:00,10,14.15,1048.7289246365553,0,0,22.55,112,111,0,13.45,13.45,0.0,0,0,24.0,5,0,0,8,2020-07-27 06:23:00,10,14.25,1049.2825730031102,0,0,22.65,112,111,0,13.95,14.1,0.0,0,0,24.0,5,0,0
8,2020-07-27 06:23:00,10,14.25,1049.2825730031102,0,0,22.65,112,111,0,13.95,14.1,0.0,0,0,24.0,5,0,0,8,2020-07-27 06:24:00,10,14.05,1006.5475932106223,0,0,22.3,110,109,0,13.85,14.0,0.0,0,0,24.0,5,0,0
8,2020-07-27 06:24:00,10,14.05,1006.5475932106223,0,0,22.3,110,109,0,13.85,14.0,0.0,0,0,24.0,5,0,0,8,2020-07-27 06:25:00,10,14.35,1045.3272501118481,0,0,22.75,112,111,0,13.9,14.0,0.0,0,0,24.0,5,0,0
8,2020-07-27 06:25:00,10,14.35,1045.3272501118481,0,0,22.75,112,111,0,13.9,14.0,0.0,0,0,24.0,5,0,0,8,2020-07-27 06:26:00,10,14.2,1006.9122787526827,0,0,22.45,110,109,0,13.35,13.55,0.0,0,0,24.0,5,0,0
8,2020-07-27 06:26:00,10,14.2,1006.9122787526827,0,0,22.45,110,109,0,13.35,13.55,0.0,0,0,24.0,5,0,0,8,2020-07-27 06:27:00,10,13.85,1014.4461825105957,0,0,22.1,110,109,0,13.7,13.7,0.0,0,0,24.0,5,0,0
8,2020-07-27 06:27:00,10,13.85,1014.4461825105957,0,0,22.1,110,109,0,13.7,13.7,0.0,0,0,24.0,5,0,0,8,2020-07-27 06:28:00,10,13.9,1010.3776121152209,0,0,22.15,110,109,0,13.75,13.75,0.0,0,0,24.0,5,0,0
8,2020-07-27 06:28:00,10,13.9,1010.3776121152209,0,0,22.15,110,109,0,13.75,13.75,0.0,0,0,24.0,5,0,0,8,2020-07-27 06:29:00,10,14.1,1044.4728098765431,0,0,22.5,112,111,0,13.75,13.75,0.0,0,0,24.0,5,0,0
8,2020-07-27 06:29:00,10,14.1,1044.4728098765431,0,0,22.5,112,111,0,13.75,13.75,0.0,0,0,24.0,5,0,0,8,2020-07-27 06:30:00,10,13.9,1003.0624156046655,0,0,22.15,110,109,0,13.45,13.45,0.0,0,0,24.0,5,0,0
8,2020-07-27 06:30:00,10,13.9,1003.0624156046655,0,0,22.15,110,109,0,13.45,13.45,0.0,0,0,24.0,5,0,0,8,2020-07-27 06:31:00,10,13.75,1008.25,0,0,22.0,110,109,0,13.9,13.9,0.0,0,0,24.0,5,0,0
8,2020-07-27 06:31:00,10,13.75,1008.25,0,0,22.0,110,109,0,13.9,13.9,0.0,0,0,24.0,5,0,0,8,2020-07-27 06:32:00,10,14.2,1044.5349674994127,0,0,22.6,112,111,0,13.75,13.75,0.0,0,0,24.0,5,0,0
8,2020-07-27 06:32:00,10,14.2,1044.5349674994127,0,0,22.6,112,111,0,13.75,13.75,0.0,0,0,24.0,5,0,0,8,2020-07-27 06:33:00,10,14.15,1046.6351296207984,0,0,22.55,112,111,0,13.7,13.7,0.0,0,0,24.0,5,0,0
8,2020-07-27 06:33:00,10,14.15,1046.6351296207984,0,0,22.55,112,111,0,13.7,13.7,0.0,0,0,24.0,5,0,0,8,2020-07-27 06:34:00,10,13.75,1008.25,0,0,22.0,110,109,0,14.0,14.0,0.0,0,0,24.0,5,0,0
8,2020-07-27 06:34:00,10,13.75,1008.25,0,0,22.0,110,109,0,14.0,14.0,0.0,0,0,24.0,5,0,0,8,2020-07-27 06:35:00,10,14.05,1046.0470334968577,0,0,22.45,112,111,0,13.7,13.7,0.0,0,0,24.0,5,0,0
8,2020-07-27 06:35:00,10,14.05,1046.0470334968577,0,0,22.45,112,111,0,13.7,13.7,0.0,0,0,24.0,5,0,0,8,2020-07-27 06:36:00,10,13.6,978.6818365223301,0,0,21.7,108,107,0,13.55,13.55,0.0,0,0,23.5,5,0,0
8,2020-07-27 06:36:00,10,13.6,978.6818365223301,0,0,21.7,108,107,0,13.55,13.55,0.0,0,0,23.5,5,0,0,8,2020-07-27 06:37:00,10,14.15,1051.1904661235687,0,0,22.55,112,111,0,13.85,13.85,0.0,0,0,24.5,5,0,0
8,2020-07-27 06:37:00,10,14.15,1051.1904661235687,0,0,22.55,112,111,0,13.85,13.85,0.0,0,0,24.5,5,0,0,8,2020-07-27 06:38:00,10,13.8,1006.4393951080053,0,0,22.05,110,109,0,13.75,13.75,0.0,0,0,24.0,5,0,0
8,2020-07-27 06:38:00,10,13.8,1006.4393951080053,0,0,22.05,110,109,0,13.75,13.75,0.0,0,0,24.0,5,0,0,8,2020-07-27 06:39:00,10,14.1,1043.9822222222222,0,0,22.5,112,111,0,13.9,13.9,0.0,0,0,24.0,5,0,0
8,2020-07-27 06:39:00,10,14.1,1043.9822222222222,0,0,22.5,112,111,0,13.9,13.9,0.0,0,0,24.0,5,0,0,8,2020-07-27 06:40:00,10,14.05,1045.2692595770854,0,0,22.45,112,111,0,13.7,13.7,0.0,0,0,23.5,5,0,0
8,2020-07-27 06:40:00,10,14.05,1045.2692595770854,0,0,22.45,112,111,0,13.7,13.7,0.0,0,0,23.5,5,0,0,8,2020-07-27 06:41:00,10,13.9,1010.4758138894975,0,0,22.15,110,109,0,13.85,13.85,0.0,0,0,24.5,5,0,0
8,2020-07-27 06:41:00,10,13.9,1010.4758138894975,0,0,22.15,110,109,0,13.85,13.85,0.0,0,0,24.5,5,0,0,8,2020-07-27 06:42:00,10,13.8,1006.0095330649266,0,0,22.05,110,109,0,13.7,13.7,0.0,0,0,23.5,5,0,0
8,2020-07-27 06:42:00,10,13.8,1006.0095330649266,0,0,22.05,110,109,0,13.7,13.7,0.0,0,0,23.5,5,0,0,8,2020-07-27 06:43:00,10,13.95,1061.2002069637203,0,0,22.2,111,111,0,13.6,13.6,0.0,0,0,24.0,5,0,0
8,2020-07-27 06:43:00,10,13.95,1061.2002069637203,0,0,22.2,111,111,0,13.6,13.6,0.0,0,0,24.0,5,0,0,8,2020-07-27 06:44:00,10,14.25,1046.5670309175052,0,0,22.65,112,111,0,13.85,13.95,0.0,0,0,24.0,5,0,0
8,2020-07-27 06:44:00,10,14.25,1046.5670309175052,0,0,22.65,112,111,0,13.85,13.95,0.0,0,0,24.0,5,0,0,8,2020-07-27 06:45:00,10,13.75,1008.25,0,0,22.0,110,109,0,13.9,13.9,0.0,0,0,24.0,5,0,0
8,2020-07-27 06:45:00,10,13.75,1008.25,0,0,22.0,110,109,0,13.9,13.9,0.0,0,0,24.0,5,0,0,8,2020-07-27 06:46:00,10,14.85,1042.4740543209878,0,0,23.25,112,111,0,13.9,14.2,0.0,0,0,24.0,5,0,0
8,2020-07-27 06:46:00,10,14.85,1042.4740543209878,0,0,23.25,112,111,0,13.9,14.2,0.0,0,0,24.0,5,0,0,8,2020-07-27 06:47:00,10,6.95,249.60204545454548,0,0,11.0,54,53,0,7.0,7.0,0.0,0,0,24.0,5,0,0
8,2020-07-27 06:47:00,10,6.95,249.60204545454548,0,0,11.0,54,53,0,7.0,7.0,0.0,0,0,24.0,5,0,0,8,2020-07-27 06:48:00,10,0.5,0,0,0,0.5,1,0,0,0.3,0.3,0.0,0,0,24.0,5,0,0
8,2020-07-27 06:48:00,10,0.5,0,0,0,0.5,1,0,0,0.3,0.3,0.0,0,0,24.0,5,0,0,8,2020-07-27 06:49:00,10,0.45,0,0,0,0.45,1,0,0,0.35,0.35,0.0,0,0,24.0,5,0,0
8,2020-07-27 06:49:00,10,0.45,0,0,0,0.45,1,0,0,0.35,0.35,0.0,0,0,24.0,5,0,0,8,2020-07-27 06:50:00,10,0.0,0,0,0,0.0,0,0,0,0.0,0.0,0.0,0,0,24.0,5,0,0
8,2020-07-27 06:50:00,10,0.0,0,0,0,0.0,0,0,0,0.0,0.0,0.0,0,0,24.0,5,0,0,8,2020-07-27 06:51:00,10,0.0,0,0,0,0.0,0,0,0,0.0,0.0,0.0,0,0,24.0,5,0,0
8,2020-07-27 06:51:00,10,0.0,0,0,0,0.0,0,0,0,0.0,0.0,0.0,0,0,24.0,5,0,0,8,2020-07-27 06:52:00,10,0.0,0,0,0,0.0,0,0,0,0.0,0.0,0.0,0,0,24.0,5,0,0
8,2020-07-27 06:52:00,10,0.0,0,0,0,0.0,0,0,0,0.0,0.0,0.0,0,0,24.0,5,0,0,8,2020-07-27 06:53:00,10,0.25,0,0,0,0.25,1,0,0,0.15,0.15,0.0,0,0,24.0,5,0,0
8,2020-07-27 06:53:00,10,0.25,0,0,0,0.25,1,0,0,0.15,0.15,0.0,0,0,24.0,5,0,0,8,2020-07-27 06:54:00,10,0.25,0,0,0,0.25,1,0,0,0.15,0.15,0.0,0,0,24.0,5,0,0
8,2020-07-27 06:54:00,10,0.25,0,0,0,0.25,1,0,0,0.15,0.15,0.0,0,0,24.0,5,0,0,8,2020-07-27 06:55:00,10,0.4,0,0,0,0.4,1,0,0,0.4,0.4,0.0,0,0,24.0,5,0,0
8,2020-07-27 06:55:00,10,0.4,0,0,0,0.4,1,0,0,0.4,0.4,0.0,0,0,24.0,5,0,0,8,2020-07-27 06:56:00,10,0.0,0,0,0,0.0,0,0,0,0.0,0.0,0.0,0,0,24.0,5,0,0
8,2020-07-27 06:56:00,10,0.0,0,0,0,0.0,0,0,0,0.0,0.0,0.0,0,0,24.0,5,0,0,8,2020-07-27 06:57:00,10,0.0,0,0,0,0.0,0,0,0,0.0,0.0,0.0,0,0,24.0,5,0,0
8,2020-07-27 06:57:00,10,0.0,0,0,0,0.0,0,0,0,0.0,0.0,0.0,0,0,24.0,5,0,0,8,2020-07-27 06:58:00,10,0.0,0,0,0,0.0,0,0,0,0.0,0.0,0.0,0,0,24.0,5,0,0
8,2020-07-27 06:58:00,10,0.0,0,0,0,0.0,0,0,0,0.0,0.0,0.0,0,0,24.0,5,0,0,8,2020-07-27 06:59:00,10,0.0,0,0,0,0.0,0,0,0,0.0,0.0,0.0,0,0,24.0,5,0,0
8,2020-07-27 06:59:00,10,0.0,0,0,0,0.0,0,0,0,0.0,0.0,0.0,0,0,24.0,5,0,0,8,2020-07-27 07:00:00,10,0.0,0,0,0,0.0,0,0,0,0.0,0.0,0.0,0,0,24.0,5,0,0
8,2020-07-27 07:00:00,10,0.0,0,0,0,0.0,0,0,0,0.0,0.0,0.0,0,0,24.0,5,0,0,8,2020-07-27 07:01:00,10,0.0,0,0,0,0.0,0,0,0,0.0,0.0,0.0,0,0,24.0,5,0,0
8,2020-07-27 07:01:00,10,0.0,0,0,0,0.0,0,0,0,0.0,0.0,0.0,0,0,24.0,5,0,0,8,2020-07-27 07:02:00,10,0.0,0,0,0,0.0,0,0,0,0.0,0.0,0.0,0,0,24.0,5,0,0
8,2020-07-27 07:02:00,10,0.0,0,0,0,0.0,0,0,0,0.0,0.0,0.0,0,0,24.0,5,0,0,8,2020-07-27 07:03:00,10,0.0,0,0,0,0.0,0,0,0,0.0,0.0,0.0,0,0,24.0,5,0,0
8,2020-07-27 07:03:00,10,0.0,0,0,0,0.0,0,0,0,0.0,0.0,0.0,0,0,24.0,5,0,0,8,2020-07-27 07:04:00,10,0.0,0,0,0,0.0,0,0,0,0.0,0.0,0.0,0,0,24.0,5,0,0
8,2020-07-27 07:04:00,10,0.0,0,0,0,0.0,0,0,0,0.0,0.0,0.0,0,0,24.0,5,0,0,8,2020-07-27 07:05:00,10,0.0,0,0,0,0.0,0,0,0,0.0,0.0,0.0,0,0,24.0,5,0,0
8,2020-07-27 07:05:00,10,0.0,0,0,0,0.0,0,0,0,0.0,0.0,0.0,0,0,24.0,5,0,0,8,2020-07-27 07:06:00,10,0.0,0,0,0,0.0,0,0,0,0.0,0.0,0.0,0,0,24.0,5,0,0
8,2020-07-27 07:06:00,10,0.0,0,0,0,0.0,0,0,0,0.0,0.0,0.0,0,0,24.0,5,0,0,8,2020-07-27 07:07:00,10,0.0,0,0,0,0.0,0,0,0,0.0,0.0,0.0,0,0,24.0,5,0,0
8,2020-07-27 07:07:00,10,0.0,0,0,0,0.0,0,0,0,0.0,0.0,0.0,0,0,24.0,5,0,0,8,2020-07-27 07:08:00,10,0.0,0,0,0,0.0,0,0,0,0.0,0.0,0.0,0,0,24.0,5,0,0
8,2020-07-27 07:08:00,10,0.0,0,0,0,0.0,0,0,0,0.0,0.0,0.0,0,0,24.0,5,0,0,8,2020-07-27 07:09:00,10,0.0,0,0,0,0.0,0,0,0,0.0,0.0,0.0,0,0,24.0,5,0,0
8,2020-07-27 07:09:00,10,0.0,0,0,0,0.0,0,0,0,0.0,0.0,0.0,0,0,24.0,5,0,0,8,2020-07-27 07:10:00,10,0.0,0,0,0,0.0,0,0,0,0.0,0.0,0.0,0,0,24.0,5,0,0
8,2020-07-27 07:10:00,10,0.0,0,0,0,0.0,0,0,0,0.0,0.0,0.0,0,0,24.0,5,0,0,8,2020-07-27 07:11:00,10,0.0,0,0,0,0.0,0,0,0,0.0,0.0,0.0,0,0,24.0,5,0,0
8,2020-07-27 07:11:00,10,0.0,0,0,0,0.0,0,0,0,0.0,0.0,0.0,0,0,24.0,5,0,0,8,2020-07-27 07:12:00,10,0.0,0,0,0,0.0,0,0,0,0.0,0.0,0.0,0,0,24.0,5,0,0
8,2020-07-27 07:12:00,10,0.0,0,0,0,0.0,0,0,0,0.0,0.0,0.0,0,0,24.0,5,0,0,8,2020-07-27 07:13:00,10,0.0,0,0,0,0.0,0,0,0,0.0,0.0,0.0,0,0,24.0,5,0,0
8,2020-07-27 07:13:00,10,0.0,0,0,0,0.0,0,0,0,0.0,0.0,0.0,0,0,24.0,5,0,0,8,2020-07-27 07:14:00,10,0.2,0,0,0,0.2,1,0,0,0.2,0.2,0.0,0,0,24.0,5,0,0
8,2020-07-27 07:14:00,10,0.2,0,0,0,0.2,1,0,0,0.2,0.2,0.0,0,0,24.0,5,0,0,8,2020-07-27 07:15:00,10,0.5,0,0,0,0.5,1,0,0,0.3,0.3,0.0,0,0,24.0,5,0,0
8,2020-07-27 07:15:00,10,0.5,0,0,0,0.5,1,0,0,0.3,0.3,0.0,0,0,24.0,5,0,0,8,2020-07-27 07:16:00,10,0.25,0,0,0,0.25,1,0,0,0.15,0.15,0.0,0,0,24.0,5,0,0
8,2020-07-27 07:16:00,10,0.25,0,0,0,0.25,1,0,0,0.15,0.15,0.0,0,0,24.0,5,0,0,8,2020-07-27 07:17:00,10,0.2,0,0,0,0.2,1,0,0,0.2,0.2,0.0,0,0,24.0,5,0,0
8,2020-07-27 07:17:00,10,0.2,0,0,0,0.2,1,0,0,0.2,0.2,0.0,0,0,24.0,5,0,0,8,2020-07-27 07:18:00,10,0.45,0,0,0,0.45,1,0,0,0.35,0.35,0.0,0,0,24.0,5,0,0
8,2020-07-27 07:18:00,10,0.45,0,0,0,0.45,1,0,0,0.35,0.35,0.0,0,0,24.0,5,0,0,8,2020-07-27 07:19:00,10,0.0,0,0,0,0.0,0,0,0,0.0,0.0,0.0,0,0,24.0,5,0,0
8,2020-07-27 07:19:00,10,0.0,0,0,0,0.0,0,0,0,0.0,0.0,0.0,0,0,24.0,5,0,0,8,2020-07-27 07:20:00,10,0.45,0,0,0,0.45,1,0,0,0.35,0.35,0.0,0,0,24.0,5,0,0
8,2020-07-27 07:20:00,10,0.45,0,0,0,0.45,1,0,0,0.35,0.35,0.0,0,0,24.0,5,0,0,8,2020-07-27 07:21:00,10,0.0,0,0,0,0.0,0,0,0,0.0,0.0,0.0,0,0,24.0,5,0,0
8,2020-07-27 07:21:00,10,0.0,0,0,0,0.0,0,0,0,0.0,0.0,0.0,0,0,24.0,5,0,0,8,2020-07-27 07:22:00,10,0.2,0,0,0,0.2,1,0,0,0.2,0.2,0.0,0,0,24.0,5,0,0
8,2020-07-27 07:22:00,10,0.2,0,0,0,0.2,1,0,0,0.2,0.2,0.0,0,0,24.0,5,0,0,8,2020-07-27 07:23:00,10,0.0,0,0,0,0.0,0,0,0,0.0,0.0,0.0,0,0,24.0,5,0,0
8,2020-07-27 07:23:00,10,0.0,0,0,0,0.0,0,0,0,0.0,0.0,0.0,0,0,24.0,5,0,0,8,2020-07-27 07:24:00,10,0.25,0,0,0,0.25,1,0,0,0.15,0.15,0.0,0,0,24.0,5,0,0
8,2020-07-27 07:24:00,10,0.25,0,0,0,0.25,1,0,0,0.15,0.15,0.0,0,0,24.0,5,0,0,8,2020-07-27 07:25:00,10,0.4,0,0,0,0.4,1,0,0,0.4,0.4,0.0,0,0,24.0,5,0,0
8,2020-07-27 07:25:00,10,0.4,0,0,0,0.4,1,0,0,0.4,0.4,0.0,0,0,24.0,5,0,0,8,2020-07-27 07:26:00,10,0.0,0,0,0,0.0,0,0,0,0.0,0.0,0.0,0,0,24.0,5,0,0
8,2020-07-27 07:26:00,10,0.0,0,0,0,0.0,0,0,0,0.0,0.0,0.0,0,0,24.0,5,0,0,8,2020-07-27 07:27:00,10,0.0,0,0,0,0.0,0,0,0,0.0,0.0,0.0,0,0,24.0,5,0,0
8,2020-07-27 07:27:00,10,0.0,0,0,0,0.0,0,0,0,0.0,0.0,0.0,0,0,24.0,5,0,0,8,2020-07-27 07:28:00,10,0.0,0,0,0,0.0,0,0,0,0.0,0.0,0.0,0,0,24.0,5,0,0
8,2020-07-27 07:28:00,10,0.0,0,0,0,0.0,0,0,0,0.0,0.0,0.0,0,0,24.0,5,0,0,8,2020-07-27 07:29:00,10,0.0,0,0,0,0.0,0,0,0,0.0,0.0,0.0,0,0,24.0,5,0,0
8,2020-07-27 07:29:00,10,0.0,0,0,0,0.0,0,0,0,0.0,0.0,0.0,0,0,24.0,5,0,0,8,2020-07-27 07:30:00,10,0.0,0,0,0,0.0,0,0,0,0.0,0.0,0.0,0,0,24.0,5,0,0
8,2020-07-27 07:30:00,10,0.0,0,0,0,0.0,0,0,0,0.0,0.0,0.0,0,0,24.0,5,0,0,8,2020-07-27 07:31:00,10,0.0,0,0,0,0.0,0,0,0,0.0,0.0,0.0,0,0,24.0,5,0,0
8,2020-07-27 07:31:00,10,0.0,0,0,0,0.0,0,0,0,0.0,0.0,0.0,0,0,24.0,5,0,0,8,2020-07-27 07:32:00,10,0.0,0,0,0,0.0,0,0,0,0.0,0.0,0.0,0,0,24.0,5,0,0
8,2020-07-27 07:32:00,10,0.0,0,0,0,0.0,0,0,0,0.0,0.0,0.0,0,0,24.0,5,0,0,8,2020-07-27 07:33:00,10,0.0,0,0,0,0.0,0,0,0,0.0,0.0,0.0,0,0,24.0,5,0,0
8,2020-07-27 07:33:00,10,0.0,0,0,0,0.0,0,0,0,0.0,0.0,0.0,0,0,24.0,5,0,0,8,2020-07-27 07:34:00,10,0.0,0,0,0,0.0,0,0,0,0.0,0.0,0.0,0,0,24.0,5,0,0
8,2020-07-27 07:34:00,10,0.0,0,0,0,0.0,0,0,0,0.0,0.0,0.0,0,0,24.0,5,0,0,8,2020-07-27 07:35:00,10,0.0,0,0,0,0.0,0,0,0,0.0,0.0,0.0,0,0,24.0,5,0,0
8,2020-07-27 07:35:00,10,0.0,0,0,0,0.0,0,0,0,0.0,0.0,0.0,0,0,24.0,5,0,0,8,2020-07-27 07:36:00,10,0.0,0,0,0,0.0,0,0,0,0.0,0.0,0.0,0,0,24.0,5,0,0
8,2020-07-27 07:36:00,10,0.0,0,0,0,0.0,0,0,0,0.0,0.0,0.0,0,0,24.0,5,0,0,8,2020-07-27 07:37:00,10,0.0,0,0,0,0.0,0,0,0,0.0,0.0,0.0,0,0,24.0,5,0,0
8,2020-07-27 07:37:00,10,0.0,0,0,0,0.0,0,0,0,0.0,0.0,0.0,0,0,24.0,5,0,0,8,2020-07-27 07:38:00,10,0.0,0,0,0,0.0,0,0,0,0.0,0.0,0.0,0,0,24.0,5,0,0
8,2020-07-27 07:38:00,10,0.0,0,0,0,0.0,0,0,0,0.0,0.0,0.0,0,0,24.0,5,0,0,8,2020-07-27 07:39:00,10,0.0,0,0,0,0.0,0,0,0,0.0,0.0,0.0,0,0,24.0,5,0,0
8,2020-07-27 07:39:00,10,0.0,0,0,0,0.0,0,0,0,0.0,0.0,0.0,0,0,24.0,5,0,0,8,2020-07-27 07:40:00,10,0.0,0,0,0,0.0,0,0,0,0.0,0.0,0.0,0,0,24.0,5,0,0
8,2020-07-27 07:40:00,10,0.0,0,0,0,0.0,0,0,0,0.0,0.0,0.0,0,0,24.0,5,0,0,8,2020-07-27 07:41:00,10,0.0,0,0,0,0.0,0,0,0,0.0,0.0,0.0,0,0,24.0,5,0,0
8,2020-07-27 07:41:00,10,0.0,0,0,0,0.0,0,0,0,0.0,0.0,0.0,0,0,24.0,5,0,0,8,2020-07-27 07:42:00,10,0.0,0,0,0,0.0,0,0,0,0.0,0.0,0.0,0,0,24.0,5,0,0
8,2020-07-27 07:42:00,10,0.0,0,0,0,0.0,0,0,0,0.0,0.0,0.0,0,0,24.0,5,0,0,8,2020-07-27 07:43:00,10,0.0,0,0,0,0.0,0,0,0,0.0,0.0,0.0,0,0,24.0,5,0,0
8,2020-07-27 07:43:00,10,0.0,0,0,0,0.0,0,0,0,0.0,0.0,0.0,0,0,24.0,5,0,0,8,2020-07-27 07:44:00,10,0.0,0,0,0,0.0,0,0,0,0.0,0.0,0.0,0,0,24.0,5,0,0
8,2020-07-27 07:44:00,10,0.0,0,0,0,0.0,0,0,0,0.0,0.0,0.0,0,0,24.0,5,0,0,8,2020-07-27 07:45:00,10,0.2,0,0,0,0.2,1,0,0,0.2,0.2,0.0,0,0,24.0,5,0,0
8,2020-07-27 07:45:00,10,0.2,0,0,0,0.2,1,0,0,0.2,0.2,0.0,0,0,24.0,5,0,0,8,2020-07-27 07:46:00,10,0.95,0,0,0,0.95,1,0,0,0.65,0.65,0.0,0,0,24.0,5,0,0
8,2020-07-27 07:46:00,10,0.95,0,0,0,0.95,1,0,0,0.65,0.65,0.0,0,0,24.0,5,0,0,8,2020-07-27 07:47:00,10,0.0,0,0,0,0.0,0,0,0,0.0,0.0,0.0,0,0,24.0,5,0,0
8,2020-07-27 07:47:00,10,0.0,0,0,0,0.0,0,0,0,0.0,0.0,0.0,0,0,24.0,5,0,0,8,2020-07-27 07:48:00,10,0.25,0,0,0,0.25,1,0,0,0.15,0.15,0.0,0,0,24.0,5,0,0
8,2020-07-27 07:48:00,10,0.25,0,0,0,0.25,1,0,0,0.15,0.15,0.0,0,0,24.0,5,0,0,8,2020-07-27 07:49:00,10,0.5,0,0,0,0.5,1,0,0,0.3,0.3,0.0,0,0,24.0,5,0,0
8,2020-07-27 07:49:00,10,0.5,0,0,0,0.5,1,0,0,0.3,0.3,0.0,0,0,24.0,5,0,0,8,2020-07-27 07:50:00,10,0.0,0,0,0,0.0,0,0,0,0.0,0.0,0.0,0,0,24.0,5,0,0
8,2020-07-27 07:50:00,10,0.0,0,0,0,0.0,0,0,0,0.0,0.0,0.0,0,0,24.0,5,0,0,8,2020-07-27 07:51:00,10,0.25,0,0,0,0.25,1,0,0,0.15,0.15,0.0,0,0,24.0,5,0,0
8,2020-07-27 07:51:00,10,0.25,0,0,0,0.25,1,0,0,0.15,0.15,0.0,0,0,24.0,5,0,0,8,2020-07-27 07:52:00,10,0.25,0,0,0,0.25,1,0,0,0.15,0.15,0.0,0,0,24.0,5,0,0
8,2020-07-27 07:52:00,10,0.25,0,0,0,0.25,1,0,0,0.15,0.15,0.0,0,0,24.0,5,0,0,8,2020-07-27 07:53:00,10,0.0,0,0,0,0.0,0,0,0,0.0,0.0,0.0,0,0,24.0,5,0,0
8,2020-07-27 07:53:00,10,0.0,0,0,0,0.0,0,0,0,0.0,0.0,0.0,0,0,24.0,5,0,0,8,2020-07-27 07:54:00,10,0.2,0,0,0,0.2,1,0,0,0.2,0.2,0.0,0,0,24.0,5,0,0
8,2020-07-27 07:54:00,10,0.2,0,0,0,0.2,1,0,0,0.2,0.2,0.0,0,0,24.0,5,0,0,8,2020-07-27 07:55:00,10,0.45,0,0,0,0.45,1,0,0,0.35,0.35,0.0,0,0,24.0,5,0,0
8,2020-07-27 07:55:00,10,0.45,0,0,0,0.45,1,0,0,0.35,0.35,0.0,0,0,24.0,5,0,0,8,2020-07-27 07:56:00,10,0.0,0,0,0,0.0,0,0,0,0.0,0.0,0.0,0,0,24.0,5,0,0
8,2020-07-27 07:56:00,10,0.0,0,0,0,0.0,0,0,0,0.0,0.0,0.0,0,0,24.0,5,0,0,8,2020-07-27 07:57:00,10,0.0,0,0,0,0.0,0,0,0,0.0,0.0,0.0,0,0,24.0,5,0,0
8,2020-07-27 07:57:00,10,0.0,0,0,0,0.0,0,0,0,0.0,0.0,0.0,0,0,24.0,5,0,0,8,2020-07-27 07:58:00,10,0.0,0,0,0,0.0,0,0,0,0.0,0.0,0.0,0,0,24.0,5,0,0
8,2020-07-27 07:58:00,10,0.0,0,0,0,0.0,0,0,0,0.0,0.0,0.0,0,0,24.0,5,0,0,8,2020-07-27 07:59:00,10,0.0,0,0,0,0.0,0,0,0,0.0,0.0,0.0,0,0,24.0,5,0,0
8,2020-07-27 07:59:00,10,0.0,0,0,0,0.0,0,0,0,0.0,0.0,0.0,0,0,24.0,5,0,0,8,2020-07-27 08:00:00,10,0.0,0,0,0,0.0,0,0,0,0.0,0.0,0.0,0,0,24.0,5,0,0
8,2020-07-27 08:00:00,10,0.0,0,0,0,0.0,0,0,0,0.0,0.0,0.0,0,0,24.0,5,0,0,8,2020-07-27 08:01:00,10,0.0,0,0,0,0.0,0,0,0,0.0,0.0,0.0,0,0,24.0,5,0,0
8,2020-07-27 08:01:00,10,0.0,0,0,0,0.0,0,0,0,0.0,0.0,0.0,0,0,24.0,5,0,0,8,2020-07-27 08:02:00,10,0.0,0,0,0,0.0,0,0,0,0.0,0.0,0.0,0,0,24.0,5,0,0
8,2020-07-27 08:02:00,10,0.0,0,0,0,0.0,0,0,0,0.0,0.0,0.0,0,0,24.0,5,0,0,8,2020-07-27 08:03:00,10,0.0,0,0,0,0.0,0,0,0,0.0,0.0,0.0,0,0,24.0,5,0,0
8,2020-07-27 08:03:00,10,0.0,0,0,0,0.0,0,0,0,0.0,0.0,0.0,0,0,24.0,5,0,0,8,2020-07-27 08:04:00,10,0.0,0,0,0,0.0,0,0,0,0.0,0.0,0.0,0,0,24.0,5,0,0
8,2020-07-27 08:04:00,10,0.0,0,0,0,0.0,0,0,0,0.0,0.0,0.0,0,0,24.0,5,0,0,8,2020-07-27 08:05:00,10,0.0,0,0,0,0.0,0,0,0,0.0,0.0,0.0,0,0,24.0,5,0,0
8,2020-07-27 08:05:00,10,0.0,0,0,0,0.0,0,0,0,0.0,0.0,0.0,0,0,24.0,5,0,0,8,2020-07-27 08:06:00,10,0.0,0,0,0,0.0,0,0,0,0.0,0.0,0.0,0,0,24.0,5,0,0
8,2020-07-27 08:06:00,10,0.0,0,0,0,0.0,0,0,0,0.0,0.0,0.0,0,0,24.0,5,0,0,8,2020-07-27 08:07:00,10,0.0,0,0,0,0.0,0,0,0,0.0,0.0,0.0,0,0,24.0,5,0,0
8,2020-07-27 08:07:00,10,0.0,0,0,0,0.0,0,0,0,0.0,0.0,0.0,0,0,24.0,5,0,0,8,2020-07-27 08:08:00,10,0.0,0,0,0,0.0,0,0,0,0.0,0.0,0.0,0,0,24.0,5,0,0
8,2020-07-27 08:08:00,10,0.0,0,0,0,0.0,0,0,0,0.0,0.0,0.0,0,0,24.0,5,0,0,8,2020-07-27 08:09:00,10,0.0,0,0,0,0.0,0,0,0,0.0,0.0,0.0,0,0,24.0,5,0,0
8,2020-07-27 08:09:00,10,0.0,0,0,0,0.0,0,0,0,0.0,0.0,0.0,0,0,24.0,5,0,0,8,2020-07-27 08:10:00,10,0.0,0,0,0,0.0,0,0,0,0.0,0.0,0.0,0,0,24.0,5,0,0
8,2020-07-27 08:10:00,10,0.0,0,0,0,0.0,0,0,0,0.0,0.0,0.0,0,0,24.0,5,0,0,8,2020-07-27 08:11:00,10,0.0,0,0,0,0.0,0,0,0,0.0,0.0,0.0,0,0,24.0,5,0,0
8,2020-07-27 08:11:00,10,0.0,0,0,0,0.0,0,0,0,0.0,0.0,0.0,0,0,24.0,5,0,0,8,2020-07-27 08:12:00,10,0.0,0,0,0,0.0,0,0,0,0.0,0.0,0.0,0,0,24.0,5,0,0
8,2020-07-27 08:12:00,10,0.0,0,0,0,0.0,0,0,0,0.0,0.0,0.0,0,0,24.0,5,0,0,8,2020-07-27 08:13:00,10,0.0,0,0,0,0.0,0,0,0,0.0,0.0,0.0,0,0,24.0,5,0,0
8,2020-07-27 08:13:00,10,0.0,0,0,0,0.0,0,0,0,0.0,0.0,0.0,0,0,24.0,5,0,0,8,2020-07-27 08:14:00,10,0.2,0,0,0,0.2,1,0,0,0.2,0.2,0.0,0,0,24.0,5,0,0
8,2020-07-27 08:14:00,10,0.2,0,0,0,0.2,1,0,0,0.2,0.2,0.0,0,0,24.0,5,0,0,8,2020-07-27 08:15:00,10,0.0,0,0,0,0.0,0,0,0,0.0,0.0,0.0,0,0,24.0,5,0,0
8,2020-07-27 08:15:00,10,0.0,0,0,0,0.0,0,0,0,0.0,0.0,0.0,0,0,24.0,5,0,0,8,2020-07-27 08:16:00,10,0.7,0,0,0,0.7,1,0,0,0.5,0.5,0.0,0,0,24.0,5,0,0
8,2020-07-27 08:16:00,10,0.7,0,0,0,0.7,1,0,0,0.5,0.5,0.0,0,0,24.0,5,0,0,8,2020-07-27 08:17:00,10,0.2,0,0,0,0.2,1,0,0,0.2,0.2,0.0,0,0,24.0,5,0,0
8,2020-07-27 08:17:00,10,0.2,0,0,0,0.2,1,0,0,0.2,0.2,0.0,0,0,24.0,5,0,0,8,2020-07-27 08:18:00,10,0.45,0,0,0,0.45,1,0,0,0.35,0.35,0.0,0,0,24.0,5,0,0
8,2020-07-27 08:18:00,10,0.45,0,0,0,0.45,1,0,0,0.35,0.35,0.0,0,0,24.0,5,0,0,8,2020-07-27 08:19:00,10,0.25,0,0,0,0.25,1,0,0,0.15,0.15,0.0,0,0,24.0,5,0,0
8,2020-07-27 08:19:00,10,0.25,0,0,0,0.25,1,0,0,0.15,0.15,0.0,0,0,24.0,5,0,0,8,2020-07-27 08:20:00,10,0.25,0,0,0,0.25,1,0,0,0.15,0.15,0.0,0,0,24.0,5,0,0
8,2020-07-27 08:20:00,10,0.25,0,0,0,0.25,1,0,0,0.15,0.15,0.0,0,0,24.0,5,0,0,8,2020-07-27 08:21:00,10,0.0,0,0,0,0.0,0,0,0,0.0,0.0,0.0,0,0,24.0,5,0,0
8,2020-07-27 08:21:00,10,0.0,0,0,0,0.0,0,0,0,0.0,0.0,0.0,0,0,24.0,5,0,0,8,2020-07-27 08:22:00,10,0.0,0,0,0,0.0,0,0,0,0.0,0.0,0.0,0,0,24.0,5,0,0
8,2020-07-27 08:22:00,10,0.0,0,0,0,0.0,0,0,0,0.0,0.0,0.0,0,0,24.0,5,0,0,8,2020-07-27 08:23:00,10,0.2,0,0,0,0.2,1,0,0,0.2,0.2,0.0,0,0,24.0,5,0,0
8,2020-07-27 08:23:00,10,0.2,0,0,0,0.2,1,0,0,0.2,0.2,0.0,0,0,24.0,5,0,0,8,2020-07-27 08:24:00,10,0.45,0,0,0,0.45,1,0,0,0.2,0.2,0.0,0,0,24.0,5,0,0
8,2020-07-27 08:24:00,10,0.45,0,0,0,0.45,1,0,0,0.2,0.2,0.0,0,0,24.0,5,0,0,8,2020-07-27 08:25:00,10,0.0,0,0,0,0.0,0,0,0,0.15,0.15,0.0,0,0,23.5,5,0,0
8,2020-07-27 08:25:00,10,0.0,0,0,0,0.0,0,0,0,0.15,0.15,0.0,0,0,23.5,5,0,0,8,2020-07-27 08:26:00,10,0.2,0,0,0,0.2,1,0,0,0.2,0.2,0.0,0,0,24.0,5,0,0
8,2020-07-27 08:26:00,10,0.2,0,0,0,0.2,1,0,0,0.2,0.2,0.0,0,0,24.0,5,0,0,8,2020-07-27 08:27:00,10,0.0,0,0,0,0.0,0,0,0,0.0,0.0,0.0,0,0,24.0,5,0,0
8,2020-07-27 08:27:00,10,0.0,0,0,0,0.0,0,0,0,0.0,0.0,0.0,0,0,24.0,5,0,0,8,2020-07-27 08:28:00,10,0.0,0,0,0,0.0,0,0,0,0.0,0.0,0.0,0,0,24.0,5,0,0
8,2020-07-27 08:28:00,10,0.0,0,0,0,0.0,0,0,0,0.0,0.0,0.0,0,0,24.0,5,0,0,8,2020-07-27 08:29:00,10,0.0,0,0,0,0.0,0,0,0,0.0,0.0,0.0,0,0,24.0,5,0,0
8,2020-07-27 08:29:00,10,0.0,0,0,0,0.0,0,0,0,0.0,0.0,0.0,0,0,24.0,5,0,0,8,2020-07-27 08:30:00,10,0.0,0,0,0,0.0,0,0,0,0.0,0.0,0.0,0,0,24.0,5,0,0
8,2020-07-27 08:30:00,10,0.0,0,0,0,0.0,0,0,0,0.0,0.0,0.0,0,0,24.0,5,0,0,8,2020-07-27 08:31:00,10,0.0,0,0,0,0.0,0,0,0,0.0,0.0,0.0,0,0,24.0,5,0,0
8,2020-07-27 08:31:00,10,0.0,0,0,0,0.0,0,0,0,0.0,0.0,0.0,0,0,24.0,5,0,0,8,2020-07-27 08:32:00,10,0.0,0,0,0,0.0,0,0,0,0.0,0.0,0.0,0,0,24.0,5,0,0
8,2020-07-27 08:32:00,10,0.0,0,0,0,0.0,0,0,0,0.0,0.0,0.0,0,0,24.0,5,0,0,8,2020-07-27 08:33:00,10,0.0,0,0,0,0.0,0,0,0,0.0,0.0,0.0,0,0,24.0,5,0,0
8,2020-07-27 08:33:00,10,0.0,0,0,0,0.0,0,0,0,0.0,0.0,0.0,0,0,24.0,5,0,0,8,2020-07-27 08:34:00,10,0.0,0,0,0,0.0,0,0,0,0.0,0.0,0.0,0,0,24.0,5,0,0
8,2020-07-27 08:34:00,10,0.0,0,0,0,0.0,0,0,0,0.0,0.0,0.0,0,0,24.0,5,0,0,8,2020-07-27 08:35:00,10,0.0,0,0,0,0.0,0,0,0,0.0,0.0,0.0,0,0,24.0,5,0,0
8,2020-07-27 08:35:00,10,0.0,0,0,0,0.0,0,0,0,0.0,0.0,0.0,0,0,24.0,5,0,0,8,2020-07-27 08:36:00,10,0.0,0,0,0,0.0,0,0,0,0.0,0.0,0.0,0,0,24.0,5,0,0
8,2020-07-27 08:36:00,10,0.0,0,0,0,0.0,0,0,0,0.0,0.0,0.0,0,0,24.0,5,0,0,8,2020-07-27 08:37:00,10,0.0,0,0,0,0.0,0,0,0,0.0,0.0,0.0,0,0,24.0,5,0,0
8,2020-07-27 08:37:00,10,0.0,0,0,0,0.0,0,0,0,0.0,0.0,0.0,0,0,24.0,5,0,0,8,2020-07-27 08:38:00,10,0.0,0,0,0,0.0,0,0,0,0.0,0.0,0.0,0,0,24.0,5,0,0
8,2020-07-27 08:38:00,10,0.0,0,0,0,0.0,0,0,0,0.0,0.0,0.0,0,0,24.0,5,0,0,8,2020-07-27 08:39:00,10,0.0,0,0,0,0.0,0,0,0,0.0,0.0,0.0,0,0,24.0,5,0,0
8,2020-07-27 08:39:00,10,0.0,0,0,0,0.0,0,0,0,0.0,0.0,0.0,0,0,24.0,5,0,0,8,2020-07-27 08:40:00,10,0.0,0,0,0,0.0,0,0,0,0.0,0.0,0.0,0,0,24.0,5,0,0
8,2020-07-27 08:40:00,10,0.0,0,0,0,0.0,0,0,0,0.0,0.0,0.0,0,0,24.0,5,0,0,8,2020-07-27 08:41:00,10,0.0,0,0,0,0.0,0,0,0,0.0,0.0,0.0,0,0,24.0,5,0,0
8,2020-07-27 08:41:00,10,0.0,0,0,0,0.0,0,0,0,0.0,0.0,0.0,0,0,24.0,5,0,0,8,2020-07-27 08:42:00,10,0.0,0,0,0,0.0,0,0,0,0.0,0.0,0.0,0,0,24.0,5,0,0
8,2020-07-27 08:42:00,10,0.0,0,0,0,0.0,0,0,0,0.0,0.0,0.0,0,0,24.0,5,0,0,8,2020-07-27 08:43:00,10,0.0,0,0,0,0.0,0,0,0,0.0,0.0,0.0,0,0,24.0,5,0,0
8,2020-07-27 08:43:00,10,0.0,0,0,0,0.0,0,0,0,0.0,0.0,0.0,0,0,24.0,5,0,0,8,2020-07-27 08:44:00,10,0.0,0,0,0,0.0,0,0,0,0.0,0.0,0.0,0,0,24.0,5,0,0
8,2020-07-27 08:44:00,10,0.0,0,0,0,0.0,0,0,0,0.0,0.0,0.0,0,0,24.0,5,0,0,8,2020-07-27 08:45:00,10,0.4,0,0,0,0.4,1,0,0,0.4,0.4,0.0,0,0,24.0,5,0,0
8,2020-07-27 08:45:00,10,0.4,0,0,0,0.4,1,0,0,0.4,0.4,0.0,0,0,24.0,5,0,0,8,2020-07-27 08:46:00,10,0.0,0,0,0,0.0,0,0,0,0.0,0.0,0.0,0,0,24.0,5,0,0
8,2020-07-27 08:46:00,10,0.0,0,0,0,0.0,0,0,0,0.0,0.0,0.0,0,0,24.0,5,0,0,8,2020-07-27 08:47:00,10,0.75,0,0,0,0.75,1,0,0,0.45,0.45,0.0,0,0,24.0,5,0,0
8,2020-07-27 08:47:00,10,0.75,0,0,0,0.75,1,0,0,0.45,0.45,0.0,0,0,24.0,5,0,0,8,2020-07-27 08:48:00,10,0.2,0,0,0,0.2,1,0,0,0.2,0.2,0.0,0,0,23.0,5,0,0
8,2020-07-27 08:48:00,10,0.2,0,0,0,0.2,1,0,0,0.2,0.2,0.0,0,0,23.0,5,0,0,8,2020-07-27 08:49:00,10,0.45,0,0,0,0.45,1,0,0,0.35,0.35,0.0,0,0,24.0,5,0,0
8,2020-07-27 08:49:00,10,0.45,0,0,0,0.45,1,0,0,0.35,0.35,0.0,0,0,24.0,5,0,0,8,2020-07-27 08:50:00,10,0.0,0,0,0,0.0,0,0,0,0.0,0.0,0.0,0,0,24.0,5,0,0
8,2020-07-27 08:50:00,10,0.0,0,0,0,0.0,0,0,0,0.0,0.0,0.0,0,0,24.0,5,0,0,8,2020-07-27 08:51:00,10,0.25,0,0,0,0.25,1,0,0,0.15,0.15,0.0,0,0,24.0,5,0,0
8,2020-07-27 08:51:00,10,0.25,0,0,0,0.25,1,0,0,0.15,0.15,0.0,0,0,24.0,5,0,0,8,2020-07-27 08:52:00,10,0.0,0,0,0,0.0,0,0,0,0.0,0.0,0.0,0,0,24.0,5,0,0
8,2020-07-27 08:52:00,10,0.0,0,0,0,0.0,0,0,0,0.0,0.0,0.0,0,0,24.0,5,0,0,8,2020-07-27 08:53:00,10,0.0,0,0,0,0.0,0,0,0,0.0,0.0,0.0,0,0,24.0,5,0,0
8,2020-07-27 08:53:00,10,0.0,0,0,0,0.0,0,0,0,0.0,0.0,0.0,0,0,24.0,5,0,0,8,2020-07-27 08:54:00,10,0.45,0,0,0,0.45,1,0,0,0.35,0.35,0.0,0,0,24.0,5,0,0
8,2020-07-27 08:54:00,10,0.45,0,0,0,0.45,1,0,0,0.35,0.35,0.0,0,0,24.0,5,0,0,8,2020-07-27 08:55:00,10,0.4,0,0,0,0.4,1,0,0,0.4,0.4,0.0,0,0,24.0,5,0,0
8,2020-07-27 08:55:00,10,0.4,0,0,0,0.4,1,0,0,0.4,0.4,0.0,0,0,24.0,5,0,0,8,2020-07-27 08:56:00,10,0.0,0,0,0,0.0,0,0,0,0.0,0.0,0.0,0,0,24.0,5,0,0
8,2020-07-27 08:56:00,10,0.0,0,0,0,0.0,0,0,0,0.0,0.0,0.0,0,0,24.0,5,0,0,8,2020-07-27 08:57:00,10,0.0,0,0,0,0.0,0,0,0,0.0,0.0,0.0,0,0,24.0,5,0,0
8,2020-07-27 08:57:00,10,0.0,0,0,0,0.0,0,0,0,0.0,0.0,0.0,0,0,24.0,5,0,0,8,2020-07-27 08:58:00,10,0.0,0,0,0,0.0,0,0,0,0.0,0.0,0.0,0,0,24.0,5,0,0
8,2020-07-27 08:58:00,10,0.0,0,0,0,0.0,0,0,0,0.0,0.0,0.0,0,0,24.0,5,0,0,8,2020-07-27 08:59:00,10,0.0,0,0,0,0.0,0,0,0,0.0,0.0,0.0,0,0,24.0,5,0,0
8,2020-07-27 08:59:00,10,0.0,0,0,0,0.0,0,0,0,0.0,0.0,0.0,0,0,24.0,5,0,0,8,2020-07-27 09:00:00,10,0.0,0,0,0,0.0,0,0,0,0.0,0.0,0.0,0,0,24.0,5,0,0
8,2020-07-27 09:00:00,10,0.0,0,0,0,0.0,0,0,0,0.0,0.0,0.0,0,0,24.0,5,0,0,8,2020-07-27 09:01:00,10,0.0,0,0,0,0.0,0,0,0,0.0,0.0,0.0,0,0,24.0,5,0,0
8,2020-07-27 09:01:00,10,0.0,0,0,0,0.0,0,0,0,0.0,0.0,0.0,0,0,24.0,5,0,0,8,2020-07-27 09:02:00,10,0.0,0,0,0,0.0,0,0,0,0.0,0.0,0.0,0,0,24.0,5,0,0
8,2020-07-27 09:02:00,10,0.0,0,0,0,0.0,0,0,0,0.0,0.0,0.0,0,0,24.0,5,0,0,8,2020-07-27 09:03:00,10,0.0,0,0,0,0.0,0,0,0,0.0,0.0,0.0,0,0,24.0,5,0,0
8,2020-07-27 09:03:00,10,0.0,0,0,0,0.0,0,0,0,0.0,0.0,0.0,0,0,24.0,5,0,0,8,2020-07-27 09:04:00,10,0.0,0,0,0,0.0,0,0,0,0.0,0.0,0.0,0,0,24.0,5,0,0
8,2020-07-27 09:04:00,10,0.0,0,0,0,0.0,0,0,0,0.0,0.0,0.0,0,0,24.0,5,0,0,8,2020-07-27 09:05:00,10,0.0,0,0,0,0.0,0,0,0,0.0,0.0,0.0,0,0,24.0,5,0,0
8,2020-07-27 09:05:00,10,0.0,0,0,0,0.0,0,0,0,0.0,0.0,0.0,0,0,24.0,5,0,0,8,2020-07-27 09:06:00,10,0.0,0,0,0,0.0,0,0,0,0.0,0.0,0.0,0,0,24.0,5,0,0
8,2020-07-27 09:06:00,10,0.0,0,0,0,0.0,0,0,0,0.0,0.0,0.0,0,0,24.0,5,0,0,8,2020-07-27 09:07:00,10,0.0,0,0,0,0.0,0,0,0,0.0,0.0,0.0,0,0,24.0,5,0,0
8,2020-07-27 09:07:00,10,0.0,0,0,0,0.0,0,0,0,0.0,0.0,0.0,0,0,24.0,5,0,0,8,2020-07-27 09:08:00,10,0.0,0,0,0,0.0,0,0,0,0.0,0.0,0.0,0,0,24.0,5,0,0
8,2020-07-27 09:08:00,10,0.0,0,0,0,0.0,0,0,0,0.0,0.0,0.0,0,0,24.0,5,0,0,8,2020-07-27 09:09:00,10,0.0,0,0,0,0.0,0,0,0,0.0,0.0,0.0,0,0,24.0,5,0,0
8,2020-07-27 09:09:00,10,0.0,0,0,0,0.0,0,0,0,0.0,0.0,0.0,0,0,24.0,5,0,0,8,2020-07-27 09:10:00,10,0.0,0,0,0,0.0,0,0,0,0.0,0.0,0.0,0,0,24.0,5,0,0
8,2020-07-27 09:10:00,10,0.0,0,0,0,0.0,0,0,0,0.0,0.0,0.0,0,0,24.0,5,0,0,8,2020-07-27 09:11:00,10,0.0,0,0,0,0.0,0,0,0,0.0,0.0,0.0,0,0,24.0,5,0,0
